Sample ID,Location description,Collection Date/Time,!OBS_BARTON_PND,AMMONIA,COND_FIELD,DO_FIELD,DPTH_MSRMNT_TKN,ECOLI_MPN,ENTERO_MPN,NITRATE,NITRITE PH,PH_FIELD,PHOS_META,PHOS_ORTHO,PHOS_TOTAL,SECCI_DEPTH,TEMP_C_FIELD,TOTAL_COLI_MPN,TSS,UV254
AA18446,site 2,9/24/2013 11:58,,,,,,,,,,,,,,,,,,
AB41464,site 1,8/26/2014 9:45,,,,,,,,,,,,,,,,,,
AB75719,site 1,6/9/2015 9:49,"Sunny, 70 F. Lots of aquatic weeds",0.118,788.0,7.23,,31.8,26.9,0.5,11.17891,8.05,,,0.0286,5.5,21.0,2419.6,3.8,
AB88442,site 1,7/28/2015 9:08,85 F and sunny. Pond water very stagnant. ,0.125,698.0,10.09,,4.1,3.1,0.2,5.49552,8.44,,,0.0565,7.0,27.3,1203.1,8.8,
AB88443,site 2,7/28/2015 9:20,85 F and sunny. Pond water very stagnant. ,0.1,701.0,9.72,,6.3,1.0,0.2,5.49552,8.39,,,0.0458,5.66,27.3,1119.9,2.8,
AB94876,site 1,8/12/2015 9:30,,,700.0,5.6,3.0,,,,,8.04,,,,,23.6,,,
AB94877,site 1,8/12/2015 9:31,,,701.0,6.0,6.0,,,,,8.06,,,,,23.6,,,
AB94878,site 1,8/12/2015 9:32,,,704.0,5.39,9.0,,,,,8.04,,,,,23.5,,,
AB94879,site 1,8/12/2015 9:33,,,704.0,2.08,12.0,,,,,7.85,,,,,23.2,,,
AB94880,site 1,8/12/2015 9:34,,,704.0,1.86,15.0,,,,,7.83,,,,,23.2,,,
AB94881,site 1,8/12/2015 9:35,,,704.0,1.81,18.0,,,,,7.82,,,,,23.2,,,
AB94882,site 2,8/12/2015 9:44,,,699.0,5.86,3.0,,,,,8.08,,,,,23.6,,,
AB94883,site 2,8/12/2015 9:45,,,699.0,5.89,6.0,,,,,8.09,,,,,23.6,,,
AB94884,site 2,8/12/2015 9:46,,,703.0,5.68,9.0,,,,,8.07,,,,,23.5,,,
AB94885,site 2,8/12/2015 9:47,,,718.0,0.0,12.0,,,,,7.76,,,,,22.8,,,
AB94886,site 2,8/12/2015 9:48,,,729.0,0.0,15.0,,,,,7.66,,,,,22.7,,,
AB94887,site 2,8/12/2015 9:49,,,737.0,0.0,18.0,,,,,7.65,,,,,22.6,,,
AB94888,site 3,8/12/2015 9:57,,,703.0,5.5,3.0,,,,,8.09,,,,,23.6,,,
AB94889,site 3,8/12/2015 9:58,,,665.0,0.0,6.0,,,,,7.63,,,,,23.4,,,
AB97932,site 1,8/25/2015 9:58,,,723.0,7.61,0.0,,,,,8.14,,,,,23.0,,,
AB97933,site 1,8/25/2015 9:58,,,723.0,7.97,3.0,,,,,8.19,,,,,23.0,,,
AB97934,site 1,8/25/2015 9:58,,,723.0,7.62,6.0,,,,,8.2,,,,,23.0,,,
AB97935,site 1,8/25/2015 9:58,,,723.0,7.32,9.0,,,,,8.21,,,,,23.0,,,
AB97936,site 1,8/25/2015 9:58,,,723.0,7.55,12.0,,,,,8.23,,,,,23.0,,,
AB97937,site 1,8/25/2015 9:58,,,748.0,5.04,15.0,,,,,8.04,,,,,22.5,,,
AB97938,site 1,8/25/2015 9:58,,,748.0,4.62,18.0,,,,,8.0,,,,,22.4,,,
AB97939,site 2,8/25/2015 10:14,,,722.0,8.48,0.0,,,,,8.25,,,,,22.9,,,
AB97940,site 2,8/25/2015 10:14,,,721.0,8.1,3.0,,,,,8.25,,,,,22.9,,,
AB97941,site 2,8/25/2015 10:14,,,721.0,8.01,6.0,,,,,8.25,,,,,22.9,,,
AB97942,site 2,8/25/2015 10:14,,,722.0,8.0,9.0,,,,,8.25,,,,,22.9,,,
AB97943,site 2,8/25/2015 10:14,,,722.0,8.14,12.0,,,,,8.26,,,,,22.9,,,
AB97944,site 2,8/25/2015 10:14,,,747.0,8.06,15.0,,,,,8.06,,,,,22.4,,,
AB97945,site 2,8/25/2015 10:14,,,748.0,8.0,18.0,,,,,8.0,,,,,22.3,,,
AB97946,site 3,8/25/2015 10:28,,,740.0,7.37,0.0,,,,,8.3,,,,,20.9,,,
AB97947,site 3,8/25/2015 10:28,,,739.0,6.58,3.0,,,,,8.1,,,,,20.9,,,
AB97948,site 3,8/25/2015 10:28,,,740.0,7.47,6.0,,,,,8.15,,,,,20.9,,,
AB97949,site 3,8/25/2015 10:28,,,737.0,5.61,9.0,,,,,8.02,,,,,21.0,,,
AC03581,site 1,9/15/2015 14:16,,,733.0,8.2,3.0,,,,,8.32,,,,,20.0,,,
AC03582,site 1,9/15/2015 14:17,,,741.0,8.03,6.0,,,,,8.3,,,,,19.6,,,
AC03583,site 1,9/15/2015 14:18,,,752.0,5.91,9.0,,,,,8.14,,,,,18.2,,,
AC03584,site 1,9/15/2015 14:19,,,763.0,6.7,12.0,,,,,8.18,,,,,17.9,,,
AC03585,site 1,9/15/2015 14:20,,,763.0,6.72,15.0,,,,,8.18,,,,,17.8,,,
AC03586,site 1,9/15/2015 14:21,,,754.0,5.79,18.0,,,,,8.12,,,,,17.3,,,
AC03587,site 2,9/15/2015 14:26,,,735.0,7.81,3.0,,,,,8.3,,,,,19.9,,,
AC03588,site 2,9/15/2015 14:27,,,742.0,4.8,6.0,,,,,8.05,,,,,19.4,,,
AC03589,site 2,9/15/2015 14:28,,,749.0,5.9,9.0,,,,,8.14,,,,,18.5,,,
AC03590,site 2,9/15/2015 14:29,,,764.0,6.34,12.0,,,,,8.19,,,,,18.0,,,
AC03591,site 2,9/15/2015 14:30,,,762.0,6.39,15.0,,,,,8.14,,,,,17.7,,,
AC03592,site 2,9/15/2015 14:31,,,751.0,5.35,18.0,,,,,8.05,,,,,17.4,,,
AC03593,site 3,9/15/2015 14:40,,,747.0,9.14,3.0,,,,,8.42,,,,,20.3,,,
AC03594,site 3,9/15/2015 14:41,,,740.0,9.52,6.0,,,,,8.42,,,,,19.4,,,
AC03605,site 1,9/15/2015 14:15,,,734.0,8.82,0.0,,,,,8.31,,,,,20.6,,,
AC03606,site 2,9/15/2015 14:25,,,732.0,8.61,0.0,,,,,8.36,,,,,21.0,,,
AC03607,site 3,9/15/2015 14:39,,,750.0,8.57,0.0,,,,,8.39,,,,,21.6,,,
AC60684,site 1,4/13/2016 11:11,,,758.0,16.4,6.0,,,,,7.85,,,,,7.4,,,
AC60685,site 1,4/13/2016 11:12,,,758.0,15.36,9.0,,,,,7.92,,,,,7.4,,,
AC60686,site 1,4/13/2016 11:13,,,759.0,14.81,12.0,,,,,7.99,,,,,7.4,,,
AC60687,site 1,4/13/2016 11:14,,,759.0,14.26,15.0,,,,,8.01,,,,,7.3,,,
AC60688,site 1,4/13/2016 11:15,,,758.0,13.88,18.0,,,,,8.04,,,,,7.3,,,
AC60689,site 1,4/13/2016 11:16,,,759.0,13.78,21.0,,,,,8.07,,,,,7.3,,,
AC60691,site 2,4/13/2016 11:41,,,757.0,14.5,6.0,,,,,8.13,,,,,7.5,,,
AC60692,site 2,4/13/2016 11:42,,,757.0,14.44,9.0,,,,,8.14,,,,,7.4,,,
AC60693,site 2,4/13/2016 11:43,,,758.0,14.35,12.0,,,,,8.14,,,,,7.4,,,
AC60694,site 2,4/13/2016 11:44,,,765.0,13.74,15.0,,,,,8.11,,,,,7.1,,,
AC60695,site 2,4/13/2016 11:45,,,765.0,13.58,18.0,,,,,8.1,,,,,7.1,,,
AC60697,site 3,4/13/2016 12:03,,,767.0,13.34,6.0,,,,,8.09,,,,,6.6,,,
AC60698,site 3,4/13/2016 12:04,,,766.8,13.25,9.0,,,,,8.09,,,,,6.7,,,
AC64754,site 1,4/26/2016 9:26,,,779.0,11.3,3.0,,,,,7.96,,,,,15.0,,,
AC64755,site 1,4/26/2016 9:27,,,780.0,11.19,6.0,,,,,8.06,,,,,15.0,,,
AC64756,site 1,4/26/2016 9:28,,,7.79,11.08,9.0,,,,,8.15,,,,,15.0,,,
AC64757,site 1,4/26/2016 9:29,,,780.0,11.33,12.0,,,,,8.2,,,,,15.0,,,
AC64758,site 1,4/26/2016 9:30,,,782.0,10.7,15.0,,,,,8.19,,,,,14.8,,,
AC64759,site 1,4/26/2016 9:31,,,786.0,10.01,18.0,,,,,8.11,,,,,13.4,,,
AC64760,site 2,4/26/2016 9:41,,,782.0,10.87,3.0,,,,,8.28,,,,,15.0,,,
AC64761,site 2,4/26/2016 9:42,,,781.0,10.85,6.0,,,,,8.28,,,,,15.0,,,
AC64762,site 2,4/26/2016 9:43,,,781.0,10.68,9.0,,,,,8.2,,,,,15.0,,,
AC64763,site 2,4/26/2016 9:44,,,781.0,10.69,12.0,,,,,8.28,,,,,15.0,,,
AC64764,site 2,4/26/2016 9:45,,,789.0,10.22,15.0,,,,,8.22,,,,,14.3,,,
AC64765,site 3,4/26/2016 9:51,,,781.0,7.64,3.0,,,,,8.16,,,,,15.2,,,
AC64766,site 3,4/26/2016 9:52,,,782.0,8.01,6.0,,,,,8.17,,,,,15.2,,,
AC64767,site 3,4/26/2016 9:53,,,784.0,7.79,9.0,,,,,8.06,,,,,15.0,,,
AC65951,site 1,5/2/2016 10:33,,,767.0,12.75,3.0,,,,,7.85,,,,,12.7,,,
AC65952,site 1,5/2/2016 10:34,,,767.0,12.68,6.0,,,,,7.92,,,,,12.0,,,
AC65953,site 1,5/2/2016 10:35,,,766.0,12.08,9.0,,,,,7.98,,,,,12.0,,,
AC65954,site 1,5/2/2016 10:36,,,766.0,11.6,12.0,,,,,8.07,,,,,12.0,,,
AC65955,site 1,5/2/2016 10:37,,,766.0,11.7,15.0,,,,,8.05,,,,,11.9,,,
AC65956,site 1,5/2/2016 10:38,,,766.0,12.08,18.0,,,,,8.07,,,,,11.9,,,
AC65958,site 2,5/2/2016 10:47,,,765.0,11.51,3.0,,,,,8.16,,,,,12.0,,,
AC65959,site 2,5/2/2016 10:48,,,765.0,11.6,6.0,,,,,8.15,,,,,11.9,,,
AC65960,site 2,5/2/2016 10:49,,,765.0,11.41,9.0,,,,,8.16,,,,,11.9,,,
AC65961,site 2,5/2/2016 10:50,,,764.0,11.3,12.0,,,,,8.15,,,,,11.9,,,
AC65962,site 2,5/2/2016 10:51,,,765.0,11.43,15.0,,,,,8.16,,,,,11.9,,,
AC65963,site 2,5/2/2016 10:52,,,761.0,11.51,18.0,,,,,8.15,,,,,11.9,,,
AC65965,site 3,5/2/2016 11:10,,,744.0,10.27,3.0,,,,,8.11,,,,,11.2,,,
AC65966,site 3,5/2/2016 11:11,,,744.0,10.26,6.0,,,,,8.14,,,,,11.2,,,
AC65967,site 3,5/2/2016 11:12,,,747.0,9.87,9.0,,,,,8.08,,,,,11.2,,,
AC70089,site 1,5/17/2016 9:54,,,765.0,11.23,0.0,,,,,7.97,,,,,14.6,,,
AC70090,site 1,5/17/2016 9:55,,,765.0,11.15,3.0,,,,,8.02,,,,,14.3,,,
AC70091,site 1,5/17/2016 9:56,,,765.0,11.6,6.0,,,,,8.06,,,,,14.2,,,
AC70092,site 1,5/17/2016 9:57,,,764.0,10.62,9.0,,,,,8.09,,,,,14.2,,,
AC70093,site 1,5/17/2016 9:58,,,764.0,10.75,12.0,,,,,8.14,,,,,14.1,,,
AC70094,site 1,5/17/2016 9:59,,,760.0,11.09,15.0,,,,,8.1,,,,,13.1,,,
AC70095,site 1,5/17/2016 10:00,,,763.0,10.81,18.0,,,,,8.1,,,,,12.6,,,
AC70097,site 2,5/17/2016 10:15,,,767.0,10.6,0.0,,,,,8.17,,,,,14.6,,,
AC70098,site 2,5/17/2016 10:16,,,765.0,10.2,3.0,,,,,8.17,,,,,14.3,,,
AC70099,site 2,5/17/2016 10:17,,,765.0,11.04,6.0,,,,,8.18,,,,,14.2,,,
AC70100,site 2,5/17/2016 10:18,,,763.0,10.21,9.0,,,,,8.18,,,,,14.0,,,
AC70101,site 2,5/17/2016 10:19,,,762.0,10.91,12.0,,,,,8.19,,,,,13.9,,,
AC70102,site 2,5/17/2016 10:20,,,761.0,11.62,15.0,,,,,8.22,,,,,13.7,,,
AC70104,site 3,5/17/2016 10:35,,,757.0,9.6,0.0,,,,,8.12,,,,,14.0,,,
AC70105,site 3,5/17/2016 10:36,,,766.0,9.22,3.0,,,,,8.07,,,,,13.7,,,
AC70106,site 3,5/17/2016 10:37,,,766.0,9.15,6.0,,,,,8.05,,,,,13.6,,,
AC74566,site 1,6/2/2016 11:00,,,777.0,7.54,3.0,,,,,7.95,,,,,23.9,,,
AC74567,site 1,6/2/2016 11:00,,,777.0,7.26,6.0,,,,,8.0,,,,,23.8,,,
AC74568,site 1,6/2/2016 11:00,,,777.0,7.22,9.0,,,,,8.04,,,,,23.8,,,
AC74569,site 1,6/2/2016 11:00,,,778.0,7.05,12.0,,,,,8.05,,,,,23.7,,,
AC74570,site 1,6/2/2016 11:00,,,782.0,5.62,15.0,,,,,7.97,,,,,23.0,,,
AC74571,site 1,6/2/2016 11:00,,,788.0,3.06,18.0,,,,,7.88,,,,,22.8,,,
AC74573,site 2,6/2/2016 11:08,,,778.0,7.28,3.0,,,,,8.15,,,,,23.9,,,
AC74574,site 2,6/2/2016 11:08,,,778.0,7.45,6.0,,,,,8.17,,,,,23.9,,,
AC74575,site 2,6/2/2016 11:08,,,777.0,6.39,9.0,,,,,8.13,,,,,23.5,,,
AC74576,site 2,6/2/2016 11:08,,,785.0,5.2,12.0,,,,,8.05,,,,,23.0,,,
AC74577,site 2,6/2/2016 11:08,,,784.0,4.79,15.0,,,,,8.01,,,,,22.8,,,
AC74578,site 2,6/2/2016 11:08,,,793.0,2.26,18.0,,,,,7.89,,,,,22.5,,,
AC74580,site 3,6/2/2016 11:25,,,772.0,4.27,3.0,,,,,8.01,,,,,22.9,,,
AC74581,site 3,6/2/2016 11:25,,,777.0,4.01,6.0,,,,,7.98,,,,,22.8,,,
AC74582,site 3,6/2/2016 11:25,,,769.0,3.4,9.0,,,,,7.92,,,,,22.7,,,
AC78008,site 1,6/14/2016 11:40,,,796.0,4.42,,,,,,8.0,,,,,23.0,,,
AC78009,site 1,6/14/2016 11:41,,,796.0,4.43,,,,,,7.96,,,,,22.9,,,
AC78010,site 1,6/14/2016 11:42,,,802.0,3.84,,,,,,7.85,,,,,22.6,,,
AC78011,site 1,6/14/2016 11:43,,,806.0,3.38,,,,,,7.82,,,,,22.3,,,
AC78012,site 1,6/14/2016 11:44,,,810.0,3.82,,,,,,7.81,,,,,22.0,,,
AC78013,site 1,6/14/2016 11:45,,,811.0,4.08,,,,,,7.77,,,,,21.9,,,
AC78014,site 2,6/14/2016 11:57,,,797.0,4.4,3.0,,,,,8.03,,,,,22.9,,,
AC78015,site 2,6/14/2016 11:58,,,798.0,3.66,6.0,,,,,8.01,,,,,22.3,,,
AC78016,site 2,6/14/2016 11:59,,,801.0,4.27,9.0,,,,,8.02,,,,,22.5,,,
AC78017,site 2,6/14/2016 12:00,,,808.0,3.67,12.0,,,,,7.94,,,,,22.1,,,
AC78018,site 2,6/14/2016 12:01,,,811.0,2.24,15.0,,,,,7.9,,,,,21.9,,,
AC78019,site 3,6/14/2016 12:14,,,812.0,4.23,3.0,,,,,8.12,,,,,21.2,,,
AC78020,site 3,6/14/2016 12:15,,,812.0,3.81,6.0,,,,,8.1,,,,,21.2,,,
AC81396,site 1,6/29/2016 9:49,,,793.0,4.56,18.0,,,,,7.98,,,,,24.6,,,
AC81397,site 1,6/29/2016 9:50,,,789.0,5.7,15.0,,,,,8.01,,,,,24.8,,,
AC81398,site 1,6/29/2016 9:51,,,789.0,5.52,12.0,,,,,8.0,,,,,24.8,,,
AC81399,site 1,6/29/2016 9:52,,,788.0,5.79,9.0,,,,,8.0,,,,,24.8,,,
AC81400,site 1,6/29/2016 9:53,,,788.0,5.87,6.0,,,,,7.98,,,,,24.8,,,
AC81401,site 1,6/29/2016 9:54,,,788.0,5.82,3.0,,,,,7.95,,,,,24.9,,,
AC81403,site 2,6/29/2016 10:05,,,798.0,1.64,18.0,,,,,7.77,,,,,24.4,,,
AC81404,site 2,6/29/2016 10:06,,,791.0,5.09,15.0,,,,,8.03,,,,,24.7,,,
AC81405,site 2,6/29/2016 10:07,,,790.0,5.5,12.0,,,,,8.05,,,,,24.8,,,
AC81406,site 2,6/29/2016 10:08,,,790.0,5.8,9.0,,,,,8.05,,,,,24.8,,,
AC81407,site 2,6/29/2016 10:09,,,790.0,5.74,6.0,,,,,8.05,,,,,24.9,,,
AC81408,site 2,6/29/2016 10:10,,,790.0,5.62,3.0,,,,,8.05,,,,,24.9,,,
AC81409,site 2,6/29/2016 10:11,,0.103,789.0,5.84,0.0,1.0,2.0,0.2,7.9689,8.06,,,0.0721,4.83,24.9,313.0,15.8,
AC81410,site 3,6/29/2016 10:32,,,813.0,3.81,9.0,,,,,7.89,,,,,23.3,,,
AC81411,site 3,6/29/2016 10:33,,,814.0,3.8,6.0,,,,,7.9,,,,,23.6,,,
AC81412,site 3,6/29/2016 10:34,,,8.13,4.53,3.0,,,,,7.93,,,,,23.9,,,
AC84809,site 1,7/12/2016 9:52,,,752.0,7.94,0.0,,,,,7.83,,,,,26.1,,,
AC84810,site 1,7/12/2016 9:53,,,750.0,7.81,3.0,,,,,7.89,,,,,25.8,,,
AC84811,site 1,7/12/2016 9:54,,,739.0,4.14,6.0,,,,,7.74,,,,,25.6,,,
AC84812,site 1,7/12/2016 9:55,,,725.0,2.34,9.0,,,,,7.65,,,,,25.0,,,
AC84813,site 1,7/12/2016 9:56,,,725.0,2.29,12.0,,,,,7.63,,,,,24.7,,,
AC84814,site 1,7/12/2016 9:57,,,718.0,1.53,15.0,,,,,7.64,,,,,24.4,,,
AC84815,site 1,7/12/2016 9:58,,,721.0,1.13,18.0,,,,,7.61,,,,,24.1,,,
AC84817,site 2,7/12/2016 10:08,,,753.0,8.19,0.0,,,,,8.2,,,,,26.0,,,
AC84818,site 2,7/12/2016 10:09,,,752.0,7.83,3.0,,,,,8.2,,,,,26.0,,,
AC84819,site 2,7/12/2016 10:10,,,755.0,4.86,6.0,,,,,7.98,,,,,25.6,,,
AC84820,site 2,7/12/2016 10:11,,,741.0,3.3,9.0,,,,,7.87,,,,,25.1,,,
AC84821,site 2,7/12/2016 10:12,,,718.0,1.18,12.0,,,,,7.72,,,,,24.6,,,
AC84822,site 2,7/12/2016 10:13,,,719.0,0.01,15.0,,,,,7.62,,,,,24.4,,,
AC84824,site 3,7/12/2016 10:44,,,744.0,9.21,0.0,,,,,8.28,,,,,26.7,,,
AC84825,site 3,7/12/2016 10:45,,,751.0,7.88,3.0,,,,,8.16,,,,,26.1,,,
AC84826,site 3,7/12/2016 10:46,,,742.0,6.84,6.0,,,,,8.07,,,,,25.4,,,
AC88742,site 1,7/26/2016 10:08,,,762.0,8.3,3.0,,,,,7.99,,,,,28.0,,,
AC88743,site 1,7/26/2016 10:09,,,762.0,7.51,6.0,,,,,8.04,,,,,27.9,,,
AC88744,site 1,7/26/2016 10:10,,,762.0,7.84,9.0,,,,,8.07,,,,,27.9,,,
AC88745,site 1,7/26/2016 10:11,,,765.0,5.71,12.0,,,,,8.01,,,,,27.6,,,
AC88746,site 1,7/26/2016 10:12,,,774.0,1.01,15.0,,,,,7.7,,,,,26.8,,,
AC88748,site 2,7/26/2016 10:24,,,763.0,8.45,3.0,,,,,8.24,,,,,28.0,,,
AC88749,site 2,7/26/2016 10:25,,,763.0,7.75,6.0,,,,,8.22,,,,,27.9,,,
AC88750,site 2,7/26/2016 10:26,,,763.0,7.49,9.0,,,,,8.17,,,,,27.8,,,
AC88751,site 2,7/26/2016 10:27,,,763.0,7.31,12.0,,,,,8.18,,,,,27.8,,,
AC88752,site 2,7/26/2016 10:28,,,776.0,0.38,15.0,,,,,7.79,,,,,26.8,,,
AC88753,site 2,7/26/2016 10:29,,,797.0,,18.0,,,,,7.58,,,,,24.2,,,
AC88755,site 3,7/26/2016 10:44,,,784.0,4.6,3.0,,,,,7.9,,,,,26.7,,,
AC88756,site 3,7/26/2016 10:45,,,784.0,4.41,6.0,,,,,7.87,,,,,26.6,,,
AC88757,site 3,7/26/2016 10:46,,,783.0,3.59,9.0,,,,,7.83,,,,,26.4,,,
AC90763,site 1,8/3/2016 10:16,,0.15,710.0,13.4,0.0,3.1,4.2,1.4,42.35153,8.25,,,0.0548,2.0,25.9,2419.6,4.8,
AC90764,site 1,8/3/2016 10:16,,,710.0,13.02,3.0,,,,,8.37,,,,,25.4,,,
AC90765,site 1,8/3/2016 10:16,,,640.0,2.94,6.0,,,,,7.86,,,,,24.0,,,
AC90766,site 1,8/3/2016 10:16,,,648.0,0.25,9.0,,,,,7.66,,,,,23.6,,,
AC90767,site 1,8/3/2016 10:16,,,641.0,0.0,12.0,,,,,7.61,,,,,23.3,,,
AC90768,site 1,8/3/2016 10:16,,,631.0,0.0,15.0,,,,,7.53,,,,,23.1,,,
AC90769,site 1,8/3/2016 10:16,,,7.49,0.0,18.0,,,,,7.49,,,,,22.5,,,
AC90770,site 1,8/3/2016 10:16,,,659.0,0.0,21.0,,,,,7.47,,,,,22.4,,,
AC90772,site 2,8/3/2016 10:37,,,711.0,12.6,3.0,,,,,8.55,,,,,26.0,,,
AC90773,site 2,8/3/2016 10:37,,,697.0,10.12,6.0,,,,,8.44,,,,,25.6,,,
AC90774,site 2,8/3/2016 10:37,,,681.0,3.3,9.0,,,,,8.01,,,,,24.6,,,
AC90775,site 2,8/3/2016 10:37,,,641.0,2.29,12.0,,,,,7.89,,,,,24.0,,,
AC90776,site 2,8/3/2016 10:37,,,638.0,0.68,15.0,,,,,7.72,,,,,23.5,,,
AC90777,site 2,8/3/2016 10:37,,,638.0,0.0,18.0,,,,,7.65,,,,,23.2,,,
AC90779,site 3,8/3/2016 11:06,,,748.0,5.6,3.0,,,,,8.0,,,,,25.8,,,
AC90780,site 3,8/3/2016 11:06,,,713.0,5.82,6.0,,,,,7.94,,,,,25.5,,,
AC94427,site 1,8/17/2016 9:48,,,715.0,7.04,,,,,,7.92,,,,,25.2,,,
AC94428,site 1,8/17/2016 9:49,,,711.0,6.04,,,,,,7.9,,,,,25.1,,,
AC94429,site 1,8/17/2016 9:50,,,6.98,4.69,,,,,,7.84,,,,,24.9,,,
AC94430,site 1,8/17/2016 9:51,,,696.0,4.38,,,,,,7.83,,,,,24.8,,,
AC94431,site 1,8/17/2016 9:52,,,696.0,3.88,,,,,,7.8,,,,,24.7,,,
AC94432,site 1,8/17/2016 9:53,,,696.0,3.67,,,,,,7.8,,,,,24.7,,,
AC94433,site 1,8/17/2016 9:54,,,697.0,2.74,,,,,,7.78,,,,,24.6,,,
AC94435,site 2,8/17/2016 10:01,,,716.0,6.96,,,,,,8.09,,,,,25.4,,,
AC94436,site 2,8/17/2016 10:02,,,707.0,5.41,,,,,,8.02,,,,,25.1,,,
AC94437,site 2,8/17/2016 10:03,,,698.0,5.23,,,,,,7.95,,,,,24.9,,,
AC94438,site 2,8/17/2016 10:04,,,696.0,4.81,,,,,,7.92,,,,,24.9,,,
AC94439,site 2,8/17/2016 10:05,,,694.0,3.0,,,,,,7.84,,,,,24.7,,,
AC94441,site 3,8/17/2016 10:18,,,642.0,4.84,,,,,,7.93,,,,,24.4,,,
AC94442,site 3,8/17/2016 10:19,,,643.0,4.99,,,,,,7.92,,,,,24.3,,,
AC94443,site 3,8/17/2016 10:20,,,643.0,4.91,,,,,,7.92,,,,,24.3,,,
AD01979,site 1,9/14/2016 13:55,,,761.0,10.16,0.0,,,,,8.22,,,,,23.8,,,
AD01980,site 1,9/14/2016 13:56,,,761.0,9.92,3.0,,,,,8.3,,,,,23.7,,,
AD01981,site 1,9/14/2016 13:57,,,761.0,9.43,6.0,,,,,8.32,,,,,23.6,,,
AD01982,site 1,9/14/2016 13:58,,,769.0,8.83,9.0,,,,,8.31,,,,,23.4,,,
AD01983,site 1,9/14/2016 13:59,,,770.0,5.87,12.0,,,,,8.08,,,,,21.6,,,
AD01984,site 1,9/14/2016 14:00,,,771.0,5.34,15.0,,,,,8.01,,,,,21.4,,,
AD01985,site 1,9/14/2016 14:01,,,764.0,4.38,18.0,,,,,7.93,,,,,21.2,,,
AD01987,site 2,9/14/2016 14:11,,,761.0,10.44,0.0,,,,,8.4,,,,,23.9,,,
AD01988,site 2,9/14/2016 14:12,,,761.0,10.22,3.0,,,,,8.41,,,,,23.8,,,
AD01989,site 2,9/14/2016 14:13,,,761.0,10.02,6.0,,,,,8.39,,,,,23.6,,,
AD01990,site 2,9/14/2016 14:14,,,761.0,5.43,9.0,,,,,8.07,,,,,22.0,,,
AD01991,site 2,9/14/2016 14:15,,,771.0,5.83,12.0,,,,,8.08,,,,,21.6,,,
AD01992,site 2,9/14/2016 14:16,,,773.0,4.75,15.0,,,,,7.99,,,,,21.4,,,
AD01993,site 2,9/14/2016 14:17,,,765.0,3.27,18.0,,,,,7.9,,,,,21.2,,,
AD01995,site 3,9/14/2016 14:30,,,767.0,8.23,0.0,,,,,8.32,,,,,23.8,,,
AD01996,site 3,9/14/2016 14:31,,,771.0,7.73,3.0,,,,,8.28,,,,,23.2,,,
AD01997,site 3,9/14/2016 14:32,,,774.0,6.62,6.0,,,,,8.18,,,,,22.1,,,
AD01998,site 3,9/14/2016 14:33,,,768.0,6.99,9.0,,,,,8.11,,,,,21.8,,,
AD05235,site 1,9/27/2016 13:54,,,765.0,7.3,,,,,,7.94,,,,,20.6,,,
AD05236,site 1,9/27/2016 13:55,,,767.0,7.25,3.0,,,,,7.99,,,,,20.5,,,
AD05237,site 1,9/27/2016 13:56,,,767.0,7.46,6.0,,,,,8.02,,,,,20.4,,,
AD05238,site 1,9/27/2016 13:57,,,768.0,6.75,9.0,,,,,7.99,,,,,20.2,,,
AD05239,site 1,9/27/2016 13:58,,,773.0,5.34,12.0,,,,,7.93,,,,,20.1,,,
AD05240,site 1,9/27/2016 13:59,,,769.0,6.21,15.0,,,,,7.96,,,,,19.9,,,
AD05241,site 1,9/27/2016 14:00,,,771.0,6.12,18.0,,,,,7.96,,,,,19.8,,,
AD05242,site 1,9/27/2016 14:01,,,771.0,6.2,21.0,,,,,7.95,,,,,19.7,,,
AD05243,site 2,9/27/2016 14:06,,,767.0,7.56,,,,,,8.09,,,,,20.5,,,
AD05245,site 2,9/27/2016 14:07,,,767.0,7.21,3.0,,,,,8.09,,,,,20.5,,,
AD05246,site 2,9/27/2016 14:08,,,767.0,7.5,6.0,,,,,8.1,,,,,20.5,,,
AD05247,site 2,9/27/2016 14:09,,,767.0,7.5,9.0,,,,,8.1,,,,,20.5,,,
AD05248,site 2,9/27/2016 14:10,,,768.0,7.36,12.0,,,,,8.07,,,,,20.4,,,
AD05249,site 2,9/27/2016 14:11,,,770.0,6.39,15.0,,,,,8.02,,,,,19.9,,,
AD05250,site 3,9/27/2016 14:25,,,773.0,7.65,,,,,,8.08,,,,,18.9,,,
AD05252,site 3,9/27/2016 14:26,,,773.0,8.06,3.0,,,,,8.08,,,,,18.9,,,
AD05253,site 3,9/27/2016 14:27,,,772.0,7.67,6.0,,,,,8.08,,,,,18.9,,,
AD05254,site 2,9/27/2016 14:12,,,773.0,5.26,18.0,,,,,7.96,,,,,19.7,,,
AD69206,site 1,5/17/2017 14:00,,,765.0,8.5,,,,,,7.86,,,,,20.3,,,
AD69207,site 1,5/17/2017 14:01,,,766.0,8.84,,,,,,8.07,,,,,19.8,,,
AD69208,site 1,5/17/2017 14:02,,,766.0,8.6,,,,,,8.12,,,,,19.6,,,
AD69209,site 1,5/17/2017 14:03,,,767.0,7.8,,,,,,8.13,,,,,19.4,,,
AD69210,site 1,5/17/2017 14:04,,,763.0,7.75,,,,,,8.11,,,,,18.3,,,
AD69211,site 1,5/17/2017 14:05,,,761.0,8.3,,,,,,8.12,,,,,18.0,,,
AD69212,site 1,5/17/2017 14:06,,,761.0,8.5,,,,,,8.11,,,,,17.9,,,
AD69214,site 2,5/17/2017 14:30,,,766.0,8.57,,,,,,8.23,,,,,20.3,,,
AD69215,site 2,5/17/2017 14:31,,,765.0,863.0,,,,,,8.22,,,,,20.2,,,
AD69216,site 2,5/17/2017 14:32,,,765.0,8.48,,,,,,8.22,,,,,20.1,,,
AD69217,site 2,5/17/2017 14:33,,,769.0,8.96,,,,,,8.23,,,,,20.0,,,
AD69218,site 2,5/17/2017 14:34,,,763.0,8.7,,,,,,8.21,,,,,18.7,,,
AD69219,site 2,5/17/2017 14:35,,,763.0,8.66,,,,,,8.19,,,,,18.4,,,
AD69221,site 3,5/17/2017 15:00,,,765.0,8.84,,,,,,8.3,,,,,19.3,,,
AD69222,site 3,5/17/2017 15:01,,,766.0,8.44,,,,,,8.33,,,,,19.0,,,
AD69223,site 3,5/17/2017 15:02,,,767.0,8.42,,,,,,8.19,,,,,18.8,,,
AD70914,site 1,5/17/2017 14:07,,,,,,,,0.4,,,,,,,,,,
AD70915,site 2,5/17/2017 14:36,,,,,,,,0.4,,,,,,,,,,
AD70916,site 3,5/17/2017 15:03,,,,,,,,0.4,,,,,,,,,,
AD76703,site 1,6/15/2017 0:00,,,762.0,9.19,,,,,,7.22,,,,,27.3,,,
AD76704,site 1,6/15/2017 0:00,,,760.0,8.82,,,,,,7.6,,,,,26.3,,,
AD76705,site 1,6/15/2017 0:00,,,760.0,8.38,,,,,,7.76,,,,,26.0,,,
AD76706,site 1,6/15/2017 0:00,,,762.0,7.38,,,,,,7.83,,,,,25.7,,,
AD76707,site 1,6/15/2017 0:00,,,761.0,7.2,,,,,,7.87,,,,,25.2,,,
AD76708,site 1,6/15/2017 0:00,,,764.0,6.78,,,,,,7.91,,,,,24.5,,,
AD76709,site 1,6/15/2017 0:00,,,767.0,5.54,,,,,,7.88,,,,,23.7,,,
AD76711,site 2,6/15/2017 0:00,,,762.0,8.43,,,,,,8.17,,,,,27.4,,,
AD76712,site 2,6/15/2017 0:00,,,761.0,9.41,,,,,,8.2,,,,,26.3,,,
AD76713,site 2,6/15/2017 0:00,,,761.0,8.17,,,,,,8.19,,,,,25.9,,,
AD76714,site 2,6/15/2017 0:00,,,760.0,8.24,,,,,,8.16,,,,,25.8,,,
AD76715,site 2,6/15/2017 0:00,,,763.0,7.07,,,,,,8.11,,,,,25.3,,,
AD76716,site 2,6/15/2017 0:00,,,764.0,6.78,,,,,,7.91,,,,,24.5,,,
AD76717,site 2,6/15/2017 0:00,,,766.0,4.88,,,,,,8.01,,,,,23.4,,,
AD76720,site 3,6/15/2017 0:00,,,764.0,6.78,,,,,,8.23,,,,,26.5,,,
AD76721,site 3,6/15/2017 0:00,,,764.0,6.01,,,,,,8.16,,,,,26.2,,,
AD76722,site 3,6/15/2017 0:00,,,763.0,5.08,,,,,,8.12,,,,,25.5,,,
AD76723,site 3,6/15/2017 0:00,,,763.0,7.07,,,,,,8.11,,,,,25.3,,,
AD79685,site 1,6/26/2017 14:20,,,793.0,8.36,,,,,,7.91,,,,,22.9,,,
AD79686,site 1,6/26/2017 14:21,,,793.0,8.13,3.0,,,,,7.94,,,,,22.9,,,
AD79687,site 1,6/26/2017 14:22,,,793.0,8.26,6.0,,,,,7.98,,,,,22.9,,,
AD79688,site 1,6/26/2017 14:23,,,793.0,8.0,9.0,,,,,8.01,,,,,22.8,,,
AD79689,site 1,6/26/2017 14:24,,,794.0,8.02,12.0,,,,,8.01,,,,,22.8,,,
AD79690,site 1,6/26/2017 14:25,,,793.0,8.35,15.0,,,,,8.02,,,,,22.8,,,
AD79691,site 1,6/26/2017 14:26,,,794.0,8.0,18.0,,,,,8.02,,,,,22.8,,,
AD79693,site 2,6/26/2017 14:41,,,793.0,8.45,,,,,,8.06,,,,,22.8,,,
AD79694,site 2,6/26/2017 14:42,,,793.0,8.28,3.0,,,,,8.05,,,,,22.8,,,
AD79695,site 2,6/26/2017 14:43,,,793.0,8.06,6.0,,,,,8.06,,,,,22.8,,,
AD79696,site 2,6/26/2017 14:44,,,793.0,8.2,9.0,,,,,8.06,,,,,22.8,,,
AD79697,site 2,6/26/2017 14:45,,,793.0,8.18,12.0,,,,,8.06,,,,,22.8,,,
AD79698,site 2,6/26/2017 14:46,,,794.0,8.04,15.0,,,,,8.06,,,,,22.8,,,
AD79699,site 2,6/26/2017 14:47,,,793.0,8.13,18.0,,,,,8.06,,,,,22.8,,,
AD79701,site 3,6/26/2017 15:01,,,794.0,9.0,,,,,,8.14,,,,,21.4,,,
AD79702,site 3,6/26/2017 15:02,,,794.0,8.73,3.0,,,,,8.14,,,,,21.4,,,
AD79703,site 3,6/26/2017 15:03,,,794.0,8.98,6.0,,,,,8.14,,,,,21.4,,,
AD79704,site 3,6/26/2017 15:04,,,795.0,8.9,9.0,,,,,8.13,,,,,21.4,,,
AD84210,site 1,7/13/2017 13:37,,,725.0,7.77,,,,,,7.94,,,,,25.7,,,
AD84211,site 1,7/13/2017 13:38,,,726.0,7.89,3.0,,,,,8.09,,,,,25.6,,,
AD84212,site 1,7/13/2017 13:39,,,734.0,6.37,6.0,,,,,8.04,,,,,24.9,,,
AD84213,site 1,7/13/2017 13:40,,,742.0,4.24,9.0,,,,,7.93,,,,,24.5,,,
AD84214,site 1,7/13/2017 13:41,,,738.0,4.05,12.0,,,,,7.9,,,,,24.3,,,
AD84215,site 1,7/13/2017 13:42,,,739.0,3.18,15.0,,,,,7.83,,,,,23.9,,,
AD84216,site 1,7/13/2017 13:43,,,740.0,3.03,18.0,,,,,7.81,,,,,23.9,,,
AD84217,site 1,7/13/2017 13:44,,,738.0,0.8,21.0,,,,,7.73,,,,,22.9,,,
AD84219,site 2,7/13/2017 13:56,,,721.0,8.44,,,,,,8.26,,,,,25.8,,,
AD84220,site 2,7/13/2017 13:57,,,722.0,8.4,3.0,,,,,8.32,,,,,25.8,,,
AD84221,site 2,7/13/2017 13:58,,,722.0,8.39,6.0,,,,,8.32,,,,,25.7,,,
AD84222,site 2,7/13/2017 13:59,,,740.0,4.58,9.0,,,,,8.1,,,,,24.5,,,
AD84223,site 2,7/13/2017 14:00,,,738.0,4.51,12.0,,,,,8.02,,,,,24.3,,,
AD84224,site 2,7/13/2017 14:01,,,736.0,3.82,15.0,,,,,7.93,,,,,23.9,,,
AD84225,site 2,7/13/2017 14:02,,,738.0,1.59,18.0,,,,,7.83,,,,,23.3,,,
AD84227,site 3,7/13/2017 14:14,,,688.0,5.75,,,,,,8.04,,,,,24.5,,,
AD84228,site 3,7/13/2017 14:15,,,684.0,5.07,3.0,,,,,8.0,,,,,24.1,,,
AD84229,site 3,7/13/2017 14:16,,,684.0,4.4,6.0,,,,,7.98,,,,,24.1,,,
AD87563,site 1,7/26/2017 9:37,,,755.0,6.96,,,,,,7.83,,,,,25.0,,,
AD87564,site 1,7/26/2017 9:38,,,765.0,6.87,3.0,,,,,7.91,,,,,25.0,,,
AD87565,site 1,7/26/2017 9:39,,,766.0,5.72,6.0,,,,,7.93,,,,,24.9,,,
AD87566,site 1,7/26/2017 9:40,,,768.0,5.99,9.0,,,,,7.91,,,,,24.5,,,
AD87567,site 1,7/26/2017 9:41,,,775.0,5.05,12.0,,,,,7.89,,,,,23.6,,,
AD87568,site 1,7/26/2017 9:42,,,779.0,4.94,15.0,,,,,7.89,,,,,23.3,,,
AD87569,site 1,7/26/2017 9:43,,,780.0,4.93,18.0,,,,,7.89,,,,,23.1,,,
AD87570,site 2,7/26/2017 9:46,,,766.0,6.57,,,,,,8.05,,,,,25.1,,,
AD87572,site 2,7/26/2017 9:48,,,766.0,6.37,3.0,,,,,8.07,,,,,25.0,,,
AD87573,site 2,7/26/2017 9:49,,,767.0,6.1,6.0,,,,,8.04,,,,,24.8,,,
AD87574,site 2,7/26/2017 9:50,,,771.0,5.27,9.0,,,,,7.97,,,,,24.0,,,
AD87575,site 2,7/26/2017 9:51,,,776.0,5.16,12.0,,,,,7.96,,,,,23.5,,,
AD87576,site 2,7/26/2017 9:52,,,780.0,5.59,15.0,,,,,7.96,,,,,23.1,,,
AD87577,site 2,7/26/2017 9:53,,,777.0,0.0,18.0,,,,,7.82,,,,,23.0,,,
AD87579,site 3,7/26/2017 10:15,,,766.0,8.45,,,,,,8.14,,,,,23.7,,,
AD87580,site 3,7/26/2017 10:16,,,781.0,6.81,3.0,,,,,8.13,,,,,23.7,,,
AD87581,site 3,7/26/2017 10:17,,,781.0,6.62,6.0,,,,,8.1,,,,,23.6,,,
AD87582,site 3,7/26/2017 10:18,,,779.0,3.77,9.0,,,,,7.97,,,,,23.4,,,
AD95133,site 1,8/23/2017 11:00,,,755.0,7.9,,,,,,8.05,,,,,24.0,,,
AD95134,site 1,8/23/2017 11:00,,,754.0,7.7,,,,,,8.01,,,,,24.1,,,
AD95135,site 1,8/23/2017 11:00,,,754.0,8.1,,,,,,8.01,,,,,24.0,,,
AD95136,site 1,8/23/2017 11:00,,,754.0,8.19,,,,,,8.02,,,,,24.1,,,
AD95137,site 1,8/23/2017 11:00,,,755.0,8.43,,,,,,7.97,,,,,24.1,,,
AD95152,site 2,8/23/2017 11:17,,,763.0,0.0,,,,,,7.84,,,,,23.0,,,
AD95153,site 2,8/23/2017 11:17,,,7.67,0.0,,,,,,8.02,,,,,23.3,,,
AD95154,site 2,8/23/2017 11:17,,,759.0,6.34,,,,,,8.25,,,,,23.8,,,
AD95155,site 2,8/23/2017 11:17,,,755.0,8.1,,,,,,8.31,,,,,24.0,,,
AD95156,site 2,8/23/2017 11:17,,,754.0,7.82,,,,,,8.31,,,,,24.1,,,
AD95157,site 2,8/23/2017 11:17,,,754.0,7.65,,,,,,8.3,,,,,24.1,,,
AD95158,site 2,8/23/2017 11:17,,,755.0,8.16,,,,,,8.29,,,,,24.1,,,
AD95159,site 2,8/23/2017 11:17,,,754.0,7.72,,,,,,8.23,,,,,24.1,,,
AD95161,site 3,8/23/2017 11:45,,,761.0,4.97,,,,,,8.06,,,,,23.2,,,
AD95162,site 3,8/23/2017 11:45,,,775.0,5.94,,,,,,8.12,,,,,23.4,,,
AD95163,site 3,8/23/2017 11:45,,,777.0,6.49,,,,,,8.15,,,,,23.4,,,
AD95164,site 3,8/23/2017 11:45,,,777.0,6.14,,,,,,8.14,,,,,23.4,,,
AD96715,site 1,8/30/2017 13:35,,,766.0,8.95,,,,,,8.3,,,,,23.4,,,
AD96716,site 1,8/30/2017 13:36,,,767.0,8.32,3.0,,,,,8.3,,,,,22.9,,,
AD96717,site 1,8/30/2017 13:37,,,764.0,9.24,6.0,,,,,8.33,,,,,21.5,,,
AD96718,site 1,8/30/2017 13:38,,,764.0,8.68,9.0,,,,,8.32,,,,,21.0,,,
AD96719,site 1,8/30/2017 13:39,,,765.0,5.43,12.0,,,,,8.13,,,,,20.4,,,
AD96720,site 1,8/30/2017 13:40,,,763.0,4.98,15.0,,,,,8.06,,,,,20.1,,,
AD96721,site 1,8/30/2017 13:41,,,763.0,4.43,18.0,,,,,8.02,,,,,20.1,,,
AD96723,site 2,8/30/2017 13:50,,,761.0,9.29,,,,,,8.33,,,,,22.9,,,
AD96724,site 2,8/30/2017 13:51,,,761.0,9.42,3.0,,,,,8.34,,,,,22.6,,,
AD96725,site 2,8/30/2017 13:52,,,764.0,9.48,6.0,,,,,8.35,,,,,21.7,,,
AD96726,site 2,8/30/2017 13:53,,,765.0,8.33,9.0,,,,,8.3,,,,,21.0,,,
AD96727,site 2,8/30/2017 13:54,,,764.0,5.16,12.0,,,,,8.11,,,,,20.4,,,
AD96728,site 2,8/30/2017 13:55,,,768.0,4.57,15.0,,,,,8.04,,,,,20.2,,,
AD96729,site 2,8/30/2017 13:56,,,761.0,5.15,18.0,,,,,8.03,,,,,20.0,,,
AD96731,site 3,8/30/2017 14:10,,,747.0,7.13,,,,,,8.17,,,,,22.4,,,
AD96732,site 3,8/30/2017 14:11,,,748.0,5.9,3.0,,,,,8.11,,,,,21.0,,,
AD96733,site 3,8/30/2017 14:12,,,751.0,5.82,6.0,,,,,8.04,,,,,20.1,,,
AE00380,site 1,9/13/2017 13:40,,,778.0,15.48,0.0,,,,,7.82,,,,,18.8,,,
AE00381,site 1,9/13/2017 13:40,,,777.0,14.4,,,,,,7.91,,,,,18.7,,,
AE00382,site 1,9/13/2017 13:40,,,789.0,13.39,,,,,,7.93,,,,,18.3,,,
AE00383,site 1,9/13/2017 13:40,,,798.0,12.11,,,,,,7.91,,,,,17.9,,,
AE00384,site 1,9/13/2017 13:40,,,805.0,12.01,,,,,,7.91,,,,,17.7,,,
AE00385,site 1,9/13/2017 13:40,,,807.0,12.48,,,,,,7.92,,,,,17.6,,,
AE00386,site 1,9/13/2017 13:40,,,807.0,11.83,,,,,,7.93,,,,,17.4,,,
AE00388,site 2,9/13/2017 13:55,,,780.0,13.72,0.0,,,,,8.03,,,,,19.0,,,
AE00389,site 2,9/13/2017 13:55,,,778.0,13.91,,,,,,8.12,,,,,18.7,,,
AE00390,site 2,9/13/2017 13:55,,,791.0,12.8,,,,,,8.1,,,,,18.4,,,
AE00391,site 2,9/13/2017 13:55,,,802.0,11.77,,,,,,8.04,,,,,17.8,,,
AE00392,site 2,9/13/2017 13:55,,,800.0,11.2,,,,,,7.96,,,,,17.7,,,
AE00393,site 2,9/13/2017 13:55,,,799.0,10.22,,,,,,7.9,,,,,17.7,,,
AE00394,site 2,9/13/2017 13:55,,,799.0,9.87,,,,,,7.88,,,,,17.7,,,
AE00395,site 2,9/13/2017 13:55,,,799.0,9.67,,,,,,7.86,,,,,17.7,,,
AE00397,site 3,9/13/2017 14:15,,,790.0,12.47,,,,,,8.1,,,,,19.6,,,
AE00398,site 3,9/13/2017 14:15,,,813.0,11.7,,,,,,8.1,,,,,18.9,,,
AE00399,site 3,9/13/2017 14:15,,,816.0,9.61,,,,,,8.04,,,,,17.9,,,
AE03718,site 1,9/26/2017 9:48,,,785.0,9.22,,,,,,7.11,,,,,24.3,,,
AE03719,site 1,9/26/2017 9:48,,,789.0,9.29,,,,,,7.52,,,,,24.3,,,
AE03720,site 1,9/26/2017 9:48,,,791.0,9.08,,,,,,7.69,,,,,24.3,,,
AE03721,site 1,9/26/2017 9:48,,,792.0,8.83,,,,,,7.74,,,,,24.2,,,
AE03722,site 1,9/26/2017 9:48,,,799.0,6.93,,,,,,7.69,,,,,23.5,,,
AE03723,site 1,9/26/2017 9:48,,,796.0,6.06,,,,,,7.65,,,,,22.8,,,
AE03724,site 1,9/26/2017 9:48,,,793.0,6.68,,,,,,7.62,,,,,22.3,,,
AE03726,site 2,9/26/2017 10:02,,,788.0,9.22,,,,,,7.99,,,,,24.5,,,
AE03727,site 2,9/26/2017 10:02,,,789.0,9.76,,,,,,8.11,,,,,24.4,,,
AE03728,site 2,9/26/2017 10:02,,,789.0,9.7,,,,,,8.15,,,,,24.4,,,
AE03729,site 2,9/26/2017 10:02,,,797.0,8.29,,,,,,8.07,,,,,24.1,,,
AE03730,site 2,9/26/2017 10:02,,,799.0,6.09,,,,,,7.93,,,,,23.8,,,
AE03731,site 2,9/26/2017 10:02,,,793.0,5.82,,,,,,7.86,,,,,22.7,,,
AE03732,site 2,9/26/2017 10:02,,,793.0,5.93,,,,,,7.83,,,,,22.2,,,
AE03734,site 3,9/26/2017 10:25,,,792.0,7.9,,,,,,8.09,,,,,24.9,,,
AE03735,site 3,9/26/2017 10:25,,,795.0,7.07,,,,,,8.06,,,,,24.7,,,
AE03736,site 3,9/26/2017 10:25,,,805.0,6.71,,,,,,8.03,,,,,23.5,,,
AE54262,site 1,4/5/2018 13:07,,,711.7,15.57,0.0,,,,,7.61,,,,,4.6,,,
AE54263,site 1,4/5/2018 13:07,,,710.2,14.22,3.0,,,,,7.7,,,,,4.5,,,
AE54264,site 1,4/5/2018 13:07,,,711.8,14.14,6.0,,,,,7.74,,,,,4.5,,,
AE54265,site 1,4/5/2018 13:07,,,703.8,15.2,9.0,,,,,7.81,,,,,4.2,,,
AE54266,site 1,4/5/2018 13:07,,,702.7,15.8,12.0,,,,,7.83,,,,,4.2,,,
AE54267,site 1,4/5/2018 13:07,,,703.9,15.51,15.0,,,,,7.87,,,,,4.2,,,
AE54268,site 1,4/5/2018 13:07,,,702.9,15.32,18.0,,,,,7.92,,,,,4.2,,,
AE54269,site 1,4/5/2018 13:07,,,702.9,15.35,21.0,,,,,7.94,,,,,4.3,,,
AE54274,site 2,4/5/2018 13:29,,,699.7,15.31,0.0,,,,,8.07,,,,,4.4,,,
AE54275,site 2,4/5/2018 13:29,,,699.8,14.66,3.0,,,,,8.09,,,,,4.4,,,
AE54276,site 2,4/5/2018 13:29,,,700.4,15.13,6.0,,,,,8.09,,,,,4.3,,,
AE54277,site 2,4/5/2018 13:29,,,703.3,15.48,9.0,,,,,8.11,,,,,4.3,,,
AE54278,site 2,4/5/2018 13:29,,,705.8,15.38,12.0,,,,,8.12,,,,,4.3,,,
AE54279,site 2,4/5/2018 13:29,,,704.9,15.38,15.0,,,,,8.13,,,,,4.3,,,
AE54280,site 2,4/5/2018 13:29,,,707.7,15.33,18.0,,,,,8.15,,,,,4.4,,,
AE61191,site 2,4/30/2018 13:29,,,746.0,15.61,,,,,,8.88,,,,,13.4,,,
AE61192,site 2,4/30/2018 13:29,,,746.0,16.88,,,,,,8.75,,,,,12.8,,,
AE61193,site 2,4/30/2018 13:29,,,746.0,16.84,,,,,,8.7,,,,,12.5,,,
AE61194,site 2,4/30/2018 13:29,,,744.0,17.69,,,,,,8.66,,,,,12.2,,,
AE61195,site 2,4/30/2018 13:29,,,745.0,17.95,,,,,,8.62,,,,,11.8,,,
AE61196,site 2,4/30/2018 13:29,,,744.0,18.47,,,,,,8.6,,,,,11.5,,,
AE61197,site 2,4/30/2018 13:29,,,743.0,18.65,,,,,,8.6,,,,,11.4,,,
AE61198,site 3,4/30/2018 14:00,,,745.0,16.85,,,,,,8.48,,,,,11.9,,,
AE61199,site 3,4/30/2018 14:00,,,746.0,17.04,,,,,,8.47,,,,,11.3,,,
AE61200,site 3,4/30/2018 14:00,,,745.0,18.81,,,,,,8.48,,,,,11.2,,,
AE61202,site 1,4/30/2018 13:10,,,746.0,23.04,,,,,,8.11,,,,,13.0,,,
AE61203,site 1,4/30/2018 13:10,,,746.0,19.13,,,,,,8.18,,,,,12.8,,,
AE61204,site 1,4/30/2018 13:10,,,745.0,19.3,,,,,,8.24,,,,,12.0,,,
AE61205,site 1,4/30/2018 13:10,,,744.0,19.6,,,,,,8.28,,,,,11.8,,,
AE61206,site 1,4/30/2018 13:10,,,745.0,17.95,,,,,,8.62,,,,,11.8,,,
AE61207,site 1,4/30/2018 13:10,,,745.0,19.42,,,,,,8.32,,,,,11.1,,,
AE61208,site 1,4/30/2018 13:10,,,741.0,19.11,,,,,,8.3,,,,,11.0,,,
AE61209,site 1,4/30/2018 13:10,,,744.0,17.08,,,,,,8.26,,,,,11.0,,,
AE69500,site 1,5/31/2018 13:45,,,692.0,7.46,,,,,,7.46,,,,,25.2,,,
AE69501,site 1,5/31/2018 13:45,,,693.0,5.8,,,,,,7.57,,,,,25.0,,,
AE69502,site 1,5/31/2018 13:45,,,766.0,5.24,,,,,,7.65,,,,,24.6,,,
AE69503,site 1,5/31/2018 13:45,,,692.0,4.95,,,,,,7.67,,,,,24.4,,,
AE69504,site 1,5/31/2018 13:45,,,692.0,4.83,,,,,,7.69,,,,,24.3,,,
AE69505,site 1,5/31/2018 13:45,,,692.0,5.01,,,,,,7.7,,,,,24.3,,,
AE69506,site 1,5/31/2018 13:45,,,692.0,5.08,,,,,,7.71,,,,,24.2,,,
AE69507,site 1,5/31/2018 13:45,,,693.0,4.4,,,,,,7.71,,,,,24.2,,,
AE69509,site 2,5/31/2018 14:04,,,691.0,6.83,,,,,,7.92,,,,,25.7,,,
AE69510,site 2,5/31/2018 14:04,,,691.0,6.6,,,,,,7.97,,,,,25.6,,,
AE69511,site 2,5/31/2018 14:04,,,692.0,5.48,,,,,,7.95,,,,,24.8,,,
AE69512,site 2,5/31/2018 14:04,,,692.0,5.3,,,,,,7.92,,,,,24.3,,,
AE69513,site 2,5/31/2018 14:04,,,693.0,5.0,,,,,,7.89,,,,,24.1,,,
AE69514,site 2,5/31/2018 14:04,,,692.0,4.61,,,,,,7.86,,,,,24.1,,,
AE69515,site 2,5/31/2018 14:04,,,693.0,4.8,,,,,,7.86,,,,,24.0,,,
AE69516,site 2,5/31/2018 14:04,,,770.0,2.45,,,,,,7.41,,,,,21.7,,,
AE69524,site 3,5/31/2018 14:26,,,695.0,7.52,,,,,,7.4,,,,,24.9,,,
AE69525,site 3,5/31/2018 14:26,,,694.0,7.18,,,,,,8.01,,,,,24.8,,,
AE69526,site 3,5/31/2018 14:26,,,694.0,7.03,,,,,,8.0,,,,,24.7,,,
AE69527,site 3,5/31/2018 14:26,,,694.0,6.81,,,,,,7.99,,,,,24.7,,,
AE72997,site 1,6/14/2018 10:27,,,723.0,7.95,0.0,,,,,7.66,,,,,22.4,,,
AE72998,site 1,6/14/2018 10:28,,,723.0,7.5,3.0,,,,,7.79,,,,,22.4,,,
AE72999,site 1,6/14/2018 10:29,,,723.0,7.6,6.0,,,,,7.93,,,,,22.4,,,
AE73000,site 1,6/14/2018 10:30,,,723.0,7.68,9.0,,,,,7.95,,,,,22.4,,,
AE73001,site 1,6/14/2018 10:31,,,723.0,7.5,12.0,,,,,7.96,,,,,22.4,,,
AE73002,site 1,6/14/2018 10:32,,,724.0,6.7,15.0,,,,,7.96,,,,,22.1,,,
AE73003,site 1,6/14/2018 10:33,,,730.0,6.6,18.0,,,,,7.93,,,,,21.7,,,
AE73004,site 1,6/14/2018 10:34,,,744.0,0.85,21.0,,,,,7.82,,,,,19.5,,,
AE73006,site 2,6/14/2018 10:56,,,723.0,7.9,0.0,,,,,7.99,,,,,22.6,,,
AE73007,site 2,6/14/2018 10:57,,,723.0,7.68,3.0,,,,,8.01,,,,,22.5,,,
AE73008,site 2,6/14/2018 10:58,,,723.0,7.86,6.0,,,,,8.02,,,,,22.5,,,
AE73009,site 2,6/14/2018 10:59,,,723.0,7.6,9.0,,,,,8.03,,,,,22.4,,,
AE73010,site 2,6/14/2018 11:00,,,723.0,7.42,12.0,,,,,8.03,,,,,22.4,,,
AE73011,site 2,6/14/2018 11:01,,,738.0,1.22,15.0,,,,,7.86,,,,,20.8,,,
AE73012,site 2,6/14/2018 11:02,,,739.0,0.43,18.0,,,,,7.68,,,,,20.3,,,
AE73014,site 3,6/14/2018 11:19,,,714.0,7.12,3.0,,,,,7.98,,,,,22.3,,,
AE73015,site 3,6/14/2018 11:20,,,723.0,6.35,6.0,,,,,7.96,,,,,21.4,,,
AE73016,site 3,6/14/2018 11:21,,,723.0,6.13,9.0,,,,,7.95,,,,,21.4,,,
AE76110,site 1,6/26/2018 13:20,,,785.0,2.01,,,,,,7.71,,,,,21.0,,,
AE76111,site 1,6/26/2018 13:20,,,786.0,4.7,,,,,,7.78,,,,,21.2,,,
AE76112,site 1,6/26/2018 13:20,,,785.0,5.35,,,,,,7.78,,,,,21.4,,,
AE76113,site 1,6/26/2018 13:20,,,783.0,6.3,,,,,,7.8,,,,,21.6,,,
AE76114,site 1,6/26/2018 13:20,,,780.0,7.57,,,,,,7.83,,,,,21.7,,,
AE76115,site 1,6/26/2018 13:20,,,778.0,7.85,,,,,,7.82,,,,,21.9,,,
AE76116,site 1,6/26/2018 13:20,,,778.0,8.5,,,,,,7.78,,,,,22.1,,,
AE76117,site 1,6/26/2018 13:20,,,778.0,8.64,0.0,,,,,7.73,,,,,22.6,,,
AE76119,site 2,6/26/2018 13:42,,,786.0,5.45,,,,,,7.94,,,,,21.3,,,
AE76120,site 2,6/26/2018 13:42,,,782.0,7.0,,,,,,8.0,,,,,21.7,,,
AE76121,site 2,6/26/2018 13:42,,,780.0,8.1,,,,,,8.02,,,,,21.8,,,
AE76122,site 2,6/26/2018 13:42,,,779.0,8.27,,,,,,8.01,,,,,21.9,,,
AE76123,site 2,6/26/2018 13:42,,,778.0,8.45,,,,,,8.0,,,,,22.1,,,
AE76124,site 2,6/26/2018 13:42,,,780.0,8.88,0.0,,,,,7.8,,,,,22.7,,,
AE76126,site 3,6/26/2018 14:03,,,789.0,6.75,,,,,,8.03,,,,,22.0,,,
AE76127,site 3,6/26/2018 14:03,,,786.0,7.92,0.0,,,,,8.04,,,,,22.8,,,
AE82201,site 1,7/19/2018 11:31,,,829.0,8.13,,,,,,7.58,,,,,26.2,,,
AE82202,site 1,7/19/2018 11:31,,,831.0,8.04,,,,,,7.63,,,,,26.2,,,
AE82203,site 1,7/19/2018 11:31,,,836.0,6.06,,,,,,7.62,,,,,25.7,,,
AE82204,site 1,7/19/2018 11:31,,,838.0,5.08,,,,,,7.59,,,,,25.6,,,
AE82205,site 1,7/19/2018 11:31,,,841.0,3.43,,,,,,7.8,,,,,25.2,,,
AE82206,site 1,7/19/2018 11:31,,,840.0,2.51,,,,,,7.53,,,,,25.1,,,
AE82207,site 1,7/19/2018 11:31,,,841.0,2.41,,,,,,7.49,,,,,24.8,,,
AE82208,site 1,7/19/2018 11:31,,,839.0,0.41,,,,,,7.46,,,,,24.8,,,
AE82209,site 2,7/19/2018 11:43,,,828.0,10.14,,,,,,7.92,,,,,26.4,,,
AE82210,site 2,7/19/2018 11:43,,,828.0,10.21,,,,,,8.02,,,,,26.3,,,
AE82211,site 2,7/19/2018 11:43,,,839.0,5.53,,,,,,7.96,,,,,25.8,,,
AE82212,site 2,7/19/2018 11:43,,,840.0,4.89,,,,,,7.85,,,,,25.4,,,
AE82213,site 2,7/19/2018 11:43,,,841.0,3.43,,,,,,7.56,,,,,25.2,,,
AE82214,site 2,7/19/2018 11:43,,,842.0,4.21,,,,,,7.77,,,,,25.0,,,
AE82215,site 3,7/19/2018 12:02,,,828.0,9.91,,,,,,7.97,,,,,25.8,,,
AE82216,site 3,7/19/2018 12:02,,,830.0,9.7,,,,,,7.98,,,,,25.8,,,
AE82217,site 3,7/19/2018 12:02,,,831.0,8.66,,,,,,7.98,,,,,24.8,,,
AE85746,site 1,8/1/2018 10:23,,,829.0,7.56,,,,,,7.08,,,,,23.1,,,
AE85747,site 1,8/1/2018 10:23,,,829.0,7.1,,,,,,7.32,,,,,23.2,,,
AE85748,site 1,8/1/2018 10:23,,,829.0,6.97,,,,,,7.51,,,,,23.1,,,
AE85749,site 1,8/1/2018 10:23,,,829.0,6.77,,,,,,7.59,,,,,23.1,,,
AE85750,site 1,8/1/2018 10:23,,,829.0,6.8,,,,,,7.63,,,,,23.1,,,
AE85751,site 1,8/1/2018 10:23,,,829.0,7.05,,,,,,7.69,,,,,23.1,,,
AE85752,site 1,8/1/2018 10:23,,,838.0,5.13,,,,,,7.69,,,,,22.9,,,
AE85753,site 1,8/1/2018 10:23,,,857.0,0.74,,,,,,7.59,,,,,22.1,,,
AE85755,site 2,8/1/2018 10:37,,,827.0,7.83,,,,,,7.84,,,,,23.2,,,
AE85756,site 2,8/1/2018 10:37,,,827.0,7.66,,,,,,7.89,,,,,23.2,,,
AE85757,site 2,8/1/2018 10:37,,,827.0,7.59,,,,,,7.9,,,,,23.1,,,
AE85758,site 2,8/1/2018 10:37,,,827.0,7.6,,,,,,7.92,,,,,23.1,,,
AE85759,site 2,8/1/2018 10:37,,,828.0,7.3,,,,,,7.93,,,,,23.1,,,
AE85760,site 2,8/1/2018 10:37,,,828.0,6.73,,,,,,7.93,,,,,23.1,,,
AE85761,site 2,8/1/2018 10:37,,,842.0,4.07,,,,,,7.87,,,,,22.9,,,
AE85763,site 3,8/1/2018 10:54,,,828.0,5.88,,,,,,7.85,,,,,22.1,,,
AE85764,site 3,8/1/2018 10:54,,,829.0,6.57,,,,,,7.87,,,,,22.0,,,
AE85765,site 3,8/1/2018 10:54,,,829.0,,,,,,,7.9,,,,,21.8,,,
AE89481,site 1,8/15/2018 9:32,,,812.0,7.8,,,,,,7.68,,,,,25.8,,,
AE89482,site 1,8/15/2018 9:32,,,813.0,7.51,,,,,,7.79,,,,,25.8,,,
AE89483,site 1,8/15/2018 9:32,,,813.0,7.2,,,,,,7.88,,,,,25.8,,,
AE89484,site 1,8/15/2018 9:32,,,813.0,7.7,,,,,,7.95,,,,,25.8,,,
AE89485,site 1,8/15/2018 9:32,,,820.0,5.21,,,,,,7.89,,,,,25.1,,,
AE89486,site 1,8/15/2018 9:32,,,821.0,3.47,,,,,,7.8,,,,,24.6,,,
AE89487,site 1,8/15/2018 9:32,,,823.0,2.14,,,,,,7.73,,,,,24.4,,,
AE89488,site 1,8/15/2018 9:32,,,824.0,0.84,,,,,,7.68,,,,,24.1,,,
AE89489,site 2,8/15/2018 10:18,,,812.0,9.12,,,,,,8.06,,,,,26.0,,,
AE89490,site 2,8/15/2018 10:18,,,812.0,9.12,,,,,,8.09,,,,,25.8,,,
AE89491,site 2,8/15/2018 10:18,,,814.0,8.69,,,,,,8.1,,,,,25.7,,,
AE89492,site 2,8/15/2018 10:18,,,820.0,7.77,,,,,,8.07,,,,,25.4,,,
AE89493,site 2,8/15/2018 10:18,,,824.0,3.6,,,,,,7.96,,,,,24.7,,,
AE89494,site 2,8/15/2018 10:18,,,828.0,0.0,,,,,,7.78,,,,,23.5,,,
AE89495,site 2,8/15/2018 10:18,,,857.0,0.0,,,,,,7.64,,,,,22.2,,,
AE89496,site 2,8/15/2018 10:18,,,878.0,0.0,,,,,,7.59,,,,,21.2,,,
AE89498,site 3,8/15/2018 10:37,,,821.0,7.83,,,,,,8.02,,,,,25.7,,,
AE89499,site 3,8/15/2018 10:37,,,822.0,6.92,,,,,,8.0,,,,,25.4,,,
AE89500,site 3,8/15/2018 10:37,,,819.0,6.31,,,,,,7.99,,,,,25.2,,,
AE89501,site 3,8/15/2018 10:37,,,815.0,3.56,,,,,,7.93,,,,,25.0,,,
AE92921,site 1,8/28/2018 13:04,,,801.0,6.55,,,,,,7.51,,,,,24.7,,,
AE92922,site 1,8/28/2018 13:04,,,798.0,6.52,,,,,,7.62,,,,,24.7,,,
AE92923,site 1,8/28/2018 13:04,,,799.0,5.36,,,,,,7.68,,,,,24.4,,,
AE92924,site 1,8/28/2018 13:04,,,806.0,4.7,,,,,,7.66,,,,,22.5,,,
AE92925,site 1,8/28/2018 13:04,,,806.0,4.69,,,,,,7.63,,,,,22.4,,,
AE92926,site 1,8/28/2018 13:04,,,808.0,4.35,,,,,,7.64,,,,,22.2,,,
AE92927,site 1,8/28/2018 13:04,,,808.0,4.22,,,,,,7.65,,,,,22.1,,,
AE92928,site 1,8/28/2018 13:04,,,809.0,3.75,,,,,,7.65,,,,,22.1,,,
AE92930,site 2,8/28/2018 13:38,,,797.0,8.83,,,,,,8.06,,,,,24.9,,,
AE92931,site 2,8/28/2018 13:38,,,798.0,8.87,,,,,,8.14,,,,,24.8,,,
AE92932,site 2,8/28/2018 13:38,,,802.0,8.57,,,,,,8.12,,,,,24.5,,,
AE92933,site 2,8/28/2018 13:38,,,805.0,5.56,,,,,,8.02,,,,,22.8,,,
AE92934,site 2,8/28/2018 13:38,,,808.0,4.15,,,,,,7.94,,,,,22.3,,,
AE92935,site 2,8/28/2018 13:38,,,808.0,3.6,,,,,,7.9,,,,,22.1,,,
AE92939,site 3,8/28/2018 13:57,,,797.0,6.4,,,,,,8.08,,,,,25.7,,,
AE92940,site 3,8/28/2018 13:57,,,797.0,6.17,,,,,,8.08,,,,,25.7,,,
AE92941,site 3,8/28/2018 13:57,,,799.0,5.44,,,,,,7.99,,,,,25.1,,,
AE96838,site 1,9/12/2018 10:32,,,817.0,5.96,,,,,,,,,,,19.8,,,
AE96839,site 1,9/12/2018 10:32,,,817.0,4.58,,,,,,,,,,,19.7,,,
AE96840,site 1,9/12/2018 10:32,,,816.0,5.18,,,,,,,,,,,19.5,,,
AE96841,site 1,9/12/2018 10:32,,,823.0,5.62,,,,,,,,,,,18.4,,,
AE96842,site 1,9/12/2018 10:32,,,826.0,5.53,,,,,,,,,,,18.1,,,
AE96845,site 2,9/12/2018 11:03,,,815.0,6.7,,,,,,,,,,,19.4,,,
AE96846,site 2,9/12/2018 11:03,,,815.0,6.41,,,,,,,,,,,19.4,,,
AE96847,site 2,9/12/2018 11:03,,,825.0,6.32,,,,,,,,,,,18.8,,,
AE96848,site 2,9/12/2018 11:03,,,826.0,5.34,,,,,,,,,,,18.2,,,
AE96849,site 2,9/12/2018 11:03,,,828.0,4.5,,,,,,,,,,,17.9,,,
AE96850,site 2,9/12/2018 11:03,,,824.0,4.4,,,,,,,,,,,18.0,,,
AE96853,site 3,9/12/2018 11:25,,,820.0,6.56,,,,,,,,,,,20.4,,,
AE96854,site 3,9/12/2018 11:25,,,8.22,6.18,,,,,,,,,,,20.1,,,
AE96855,site 3,9/12/2018 11:25,,,824.0,5.85,,,,,,,,,,,19.5,,,
AF00654,site 1,9/27/2018 10:10,,,874.0,6.89,,,,,,,,,,,19.2,,,
AF00655,site 1,9/27/2018 10:10,,,789.0,7.48,,,,,,,,,,,19.3,,,
AF00656,site 1,9/27/2018 10:10,,,744.0,7.7,,,,,,,,,,,19.3,,,
AF00657,site 1,9/27/2018 10:10,,,816.0,7.52,,,,,,,,,,,19.3,,,
AF00658,site 1,9/27/2018 10:10,,,790.0,7.3,,,,,,,,,,,19.3,,,
AF00659,site 1,9/27/2018 10:10,,,790.0,6.74,,,,,,,,,,,19.3,,,
AF00660,site 1,9/27/2018 10:10,,,789.0,6.49,,,,,,,,,,,19.3,,,
AF00661,site 1,9/27/2018 10:10,,,789.0,7.83,,,,,,,,,,,19.2,,,
AF00662,site 1,9/27/2018 10:10,,,782.0,8.2,,,,,,,,,,,19.1,,,
AF00664,site 2,9/27/2018 10:35,,,705.0,9.02,,,,,,,,,,,19.4,,,
AF00665,site 2,9/27/2018 10:35,,,849.0,8.24,,,,,,,,,,,19.4,,,
AF00666,site 2,9/27/2018 10:35,,,779.0,8.46,,,,,,,,,,,19.4,,,
AF00667,site 2,9/27/2018 10:35,,,765.0,8.21,,,,,,,,,,,19.3,,,
AF00668,site 2,9/27/2018 10:35,,,712.0,8.24,,,,,,,,,,,19.3,,,
AF00669,site 2,9/27/2018 10:35,,,799.0,8.02,,,,,,,,,,,19.2,,,
AF00670,site 2,9/27/2018 10:35,,,794.0,7.89,,,,,,,,,,,19.2,,,
AF00672,site 3,9/27/2018 10:50,,,732.0,8.01,,,,,,,,,,,18.3,,,
AF00673,site 3,9/27/2018 10:50,,,870.0,8.01,,,,,,,,,,,18.3,,,
AF00674,site 3,9/27/2018 10:50,,,760.0,7.7,,,,,,,,,,,18.3,,,
AF52880,site 1,4/8/2019 11:20,,,746.0,15.91,0.0,,,,,8.09,,,,,10.4,,,
AF52881,site 1,4/8/2019 11:21,,,745.0,17.7,3.0,,,,,8.2,,,,,10.2,,,
AF52882,site 1,4/8/2019 11:22,,,745.0,17.63,6.0,,,,,8.19,,,,,10.2,,,
AF52883,site 1,4/8/2019 11:23,,,745.0,17.58,9.0,,,,,8.2,,,,,10.2,,,
AF52884,site 1,4/8/2019 11:24,,,745.0,17.48,12.0,,,,,8.2,,,,,10.2,,,
AF52885,site 1,4/8/2019 11:25,,,744.0,18.08,15.0,,,,,8.2,,,,,10.2,,,
AF52886,site 1,4/8/2019 11:26,,,744.0,18.2,18.0,,,,,8.19,,,,,10.1,,,
AF52887,site 1,4/8/2019 11:27,,,744.0,18.4,21.0,,,,,8.2,,,,,10.1,,,
AF52889,site 2,4/8/2019 11:58,,,742.0,20.3,0.0,,,,,8.21,,,,,10.3,,,
AF52890,site 2,4/8/2019 11:59,,,742.0,19.88,3.0,,,,,8.22,,,,,10.2,,,
AF52891,site 2,4/8/2019 12:00,,,743.0,19.68,6.0,,,,,8.22,,,,,10.2,,,
AF52892,site 2,4/8/2019 12:01,,,743.0,19.6,9.0,,,,,8.22,,,,,10.2,,,
AF52893,site 2,4/8/2019 12:02,,,743.0,19.61,12.0,,,,,8.22,,,,,10.1,,,
AF52894,site 2,4/8/2019 12:03,,,743.0,19.65,15.0,,,,,8.22,,,,,10.1,,,
AF52895,site 2,4/8/2019 12:04,,,743.0,19.92,18.0,,,,,8.22,,,,,10.1,,,
AF52896,site 2,4/8/2019 12:05,,,740.0,22.16,21.0,,,,,8.15,,,,,8.0,,,
AF52898,site 3,4/8/2019 12:14,,,738.0,21.21,0.0,,,,,8.15,,,,,10.0,,,
AF52899,site 3,4/8/2019 12:15,,,738.0,20.24,3.0,,,,,8.14,,,,,9.8,,,
AF52900,site 3,4/8/2019 12:16,,,738.0,19.2,6.0,,,,,8.14,,,,,9.8,,,
AF52901,site 3,4/8/2019 12:17,,,738.0,18.53,9.0,,,,,8.13,,,,,9.7,,,
AF57253,site 1,4/23/2019 11:06,,,722.0,25.93,,,,,,8.06,,,,,13.4,,,
AF57254,site 1,4/23/2019 11:06,,,722.0,24.47,,,,,,8.08,,,,,13.4,,,
AF57255,site 1,4/23/2019 11:06,,,722.0,22.7,,,,,,8.1,,,,,13.4,,,
AF57256,site 1,4/23/2019 11:06,,,722.0,21.64,,,,,,8.12,,,,,13.4,,,
AF57257,site 1,4/23/2019 11:06,,,722.0,21.61,,,,,,8.13,,,,,13.4,,,
AF57258,site 1,4/23/2019 11:06,,,722.0,20.66,,,,,,8.14,,,,,13.4,,,
AF57259,site 1,4/23/2019 11:06,,,722.0,19.53,,,,,,8.15,,,,,13.3,,,
AF57260,site 1,4/23/2019 11:06,,,721.0,21.1,,,,,,8.11,,,,,11.5,,,
AF57262,site 2,4/23/2019 11:30,,,724.0,17.8,,,,,,8.18,,,,,13.3,,,
AF57263,site 2,4/23/2019 11:30,,,724.0,17.47,,,,,,8.18,,,,,13.3,,,
AF57264,site 2,4/23/2019 11:30,,,724.0,17.36,,,,,,8.17,,,,,13.3,,,
AF57265,site 2,4/23/2019 11:30,,,724.0,21.05,,,,,,8.17,,,,,13.3,,,
AF57266,site 2,4/23/2019 11:30,,,724.0,20.54,,,,,,8.17,,,,,13.3,,,
AF57267,site 2,4/23/2019 11:30,,,724.0,20.0,,,,,,8.17,,,,,13.3,,,
AF57268,site 2,4/23/2019 11:30,,,724.0,20.13,,,,,,8.17,,,,,13.1,,,
AF57269,site 2,4/23/2019 11:30,,,719.0,21.85,,,,,,7.97,,,,,10.9,,,
AF57271,site 3,4/23/2019 11:51,,,736.0,21.88,,,,,,8.09,,,,,11.8,,,
AF57272,site 3,4/23/2019 11:51,,,736.0,21.6,,,,,,8.09,,,,,11.8,,,
AF57273,site 3,4/23/2019 11:51,,,7.36,21.31,,,,,,8.09,,,,,11.8,,,
AF57274,site 3,4/23/2019 11:51,,,736.0,20.64,,,,,,8.08,,,,,11.8,,,
AF63556,site 1,5/15/2019 10:00,,,709.0,12.34,0.0,,,,,8.16,,,,,13.8,,,
AF63557,site 1,5/15/2019 10:01,,,709.0,12.54,3.0,,,,,8.2,,,,,13.7,,,
AF63558,site 1,5/15/2019 10:02,,,709.0,28.13,6.0,,,,,8.22,,,,,13.6,,,
AF63559,site 1,5/15/2019 10:03,,,709.0,39.17,9.0,,,,,8.23,,,,,13.6,,,
AF63560,site 1,5/15/2019 10:04,,,709.0,37.6,12.0,,,,,8.24,,,,,13.6,,,
AF63561,site 1,5/15/2019 10:05,,,709.0,35.88,15.0,,,,,8.24,,,,,13.6,,,
AF63562,site 1,5/15/2019 10:06,,,709.0,34.41,18.0,,,,,8.25,,,,,13.6,,,
AF63563,site 1,5/15/2019 10:07,,,709.0,34.58,21.0,,,,,8.26,,,,,13.6,,,
AF63565,site 2,5/15/2019 10:39,,,708.0,17.8,0.0,,,,,8.34,,,,,13.8,,,
AF63566,site 2,5/15/2019 10:40,,,708.0,20.71,3.0,,,,,8.34,,,,,13.8,,,
AF63567,site 2,5/15/2019 10:41,,,710.0,23.15,6.0,,,,,8.29,,,,,13.5,,,
AF63568,site 2,5/15/2019 10:42,,,710.0,30.86,9.0,,,,,8.28,,,,,13.5,,,
AF63569,site 2,5/15/2019 10:43,,,710.0,29.41,12.0,,,,,8.29,,,,,13.5,,,
AF63570,site 2,5/15/2019 10:44,,,710.0,28.89,15.0,,,,,8.29,,,,,13.5,,,
AF63571,site 2,5/15/2019 10:45,,,711.0,29.4,18.0,,,,,8.28,,,,,13.0,,,
AF63572,site 2,5/15/2019 10:46,,,716.0,30.79,21.0,,,,,8.2,,,,,11.7,,,
AF63574,site 3,5/15/2019 11:10,,,709.0,18.15,0.0,,,,,8.26,,,,,13.5,,,
AF63575,site 3,5/15/2019 11:11,,,712.0,18.28,3.0,,,,,8.22,,,,,13.0,,,
AF63576,site 3,5/15/2019 11:12,,,713.0,25.74,6.0,,,,,8.18,,,,,12.7,,,
AF67479,site 1,5/28/2019 11:09,,,328.3,10.17,0.0,,,,,8.35,,,,,19.6,,,
AF67480,site 1,5/28/2019 11:10,,,263.0,9.19,3.0,,,,,8.34,,,,,19.4,,,
AF67481,site 1,5/28/2019 11:11,,,316.3,8.12,6.0,,,,,8.25,,,,,18.5,,,
AF67482,site 1,5/28/2019 11:12,,,437.6,8.81,9.0,,,,,8.24,,,,,18.5,,,
AF67483,site 1,5/28/2019 11:13,,,328.4,8.52,12.0,,,,,8.22,,,,,18.4,,,
AF67484,site 1,5/28/2019 11:14,,,271.0,8.61,15.0,,,,,8.22,,,,,18.3,,,
AF67485,site 1,5/28/2019 11:15,,,260.6,9.14,18.0,,,,,8.22,,,,,18.4,,,
AF67486,site 1,5/28/2019 11:16,,,279.1,9.35,21.0,,,,,8.21,,,,,18.3,,,
AF67488,site 2,5/28/2019 11:33,,,266.9,10.81,0.0,,,,,8.32,,,,,19.4,,,
AF67489,site 2,5/28/2019 11:34,,,256.9,10.8,3.0,,,,,8.33,,,,,19.4,,,
AF67490,site 2,5/28/2019 11:35,,,291.0,10.38,6.0,,,,,8.34,,,,,19.4,,,
AF67491,site 2,5/28/2019 11:36,,,275.4,10.8,7.0,,,,,8.28,,,,,18.8,,,
AF67492,site 2,5/28/2019 11:37,,,288.4,9.88,12.0,,,,,8.22,,,,,18.5,,,
AF67493,site 2,5/28/2019 11:38,,,284.4,9.71,15.0,,,,,8.2,,,,,18.4,,,
AF67494,site 2,5/28/2019 11:39,,,281.1,9.58,18.0,,,,,8.14,,,,,17.9,,,
AF67495,site 2,5/28/2019 11:40,,,315.6,8.47,21.0,,,,,8.01,,,,,18.0,,,
AF67497,site 3,5/28/2019 12:00,,,215.5,9.22,0.0,,,,,8.15,,,,,18.3,,,
AF67498,site 3,5/28/2019 12:01,,,198.6,8.96,3.0,,,,,8.15,,,,,18.2,,,
AF67499,site 3,5/28/2019 12:02,,,213.2,9.81,6.0,,,,,8.15,,,,,18.2,,,
AF71668,site 1,6/11/2019 10:12,,,739.0,8.17,18.0,,,,,8.03,,,,,19.2,,,
AF71669,site 1,6/11/2019 10:13,,,739.0,8.37,21.0,,,,,8.03,,,,,19.4,,,
AF71670,site 1,6/11/2019 10:14,,,739.0,7.67,24.0,,,,,8.03,,,,,19.1,,,
AF71672,site 1,6/11/2019 10:06,,,735.0,8.0,0.0,,,,,8.01,,,,,19.4,,,
AF71673,site 1,6/11/2019 10:07,,,735.0,7.49,3.0,,,,,8.04,,,,,19.4,,,
AF71674,site 1,6/11/2019 10:08,,,735.0,7.6,6.0,,,,,8.04,,,,,19.4,,,
AF71675,site 1,6/11/2019 10:09,,,735.0,7.7,9.0,,,,,8.05,,,,,19.4,,,
AF71676,site 1,6/11/2019 10:10,,,735.0,7.86,12.0,,,,,8.04,,,,,19.4,,,
AF71677,site 1,6/11/2019 10:11,,,736.0,8.31,15.0,,,,,8.04,,,,,19.3,,,
AF71679,site 2,6/11/2019 10:40,,,734.0,8.12,0.0,,,,,8.01,,,,,19.5,,,
AF71680,site 2,6/11/2019 10:41,,,734.0,7.9,3.0,,,,,8.02,,,,,19.5,,,
AF71681,site 2,6/11/2019 10:42,,,734.0,8.39,6.0,,,,,8.03,,,,,19.5,,,
AF71682,site 2,6/11/2019 10:43,,,734.0,8.6,9.0,,,,,8.04,,,,,19.4,,,
AF71683,site 2,6/11/2019 10:44,,,735.0,8.7,12.0,,,,,8.04,,,,,19.1,,,
AF71684,site 2,6/11/2019 10:45,,,737.0,8.93,15.0,,,,,8.02,,,,,18.9,,,
AF71685,site 2,6/11/2019 10:46,,,737.0,8.92,18.0,,,,,8.01,,,,,18.8,,,
AF71686,site 2,6/11/2019 10:47,,,735.0,8.34,21.0,,,,,7.81,,,,,18.8,,,
AF71688,site 3,6/11/2019 10:57,,,720.0,9.27,0.0,,,,,7.99,,,,,18.4,,,
AF71689,site 3,6/11/2019 10:58,,,724.0,8.91,3.0,,,,,8.01,,,,,18.2,,,
AF71690,site 3,6/11/2019 10:59,,,724.0,8.96,6.0,,,,,8.01,,,,,18.1,,,
AF76005,site 1,6/26/2019 12:09,,,707.0,7.09,,,,,,8.19,,,,,24.19,,,
AF76006,site 1,6/26/2019 12:09,,,708.0,6.28,,,,,,8.19,,,,,23.9,,,
AF76007,site 1,6/26/2019 12:09,,,706.0,6.59,,,,,,8.19,,,,,23.9,,,
AF76008,site 1,6/26/2019 12:09,,,706.0,6.25,,,,,,8.2,,,,,23.64,,,
AF76009,site 1,6/26/2019 12:09,,,702.0,5.52,,,,,,8.08,,,,,22.45,,,
AF76010,site 1,6/26/2019 12:09,,,703.0,5.69,,,,,,8.08,,,,,22.41,,,
AF76011,site 1,6/26/2019 12:09,,,710.0,4.84,,,,,,7.96,,,,,21.41,,,
AF76013,site 2,6/26/2019 12:54,,,705.0,7.12,,,,,,8.23,,,,,23.83,,,
AF76014,site 2,6/26/2019 12:54,,,706.0,7.32,,,,,,8.23,,,,,23.79,,,
AF76015,site 2,6/26/2019 12:54,,,706.0,7.14,,,,,,8.25,,,,,23.76,,,
AF76016,site 2,6/26/2019 12:54,,,707.0,7.14,,,,,,8.2,,,,,23.35,,,
AF76017,site 2,6/26/2019 12:54,,,705.0,5.91,,,,,,8.08,,,,,22.5,,,
AF76018,site 2,6/26/2019 12:54,,,705.0,5.38,,,,,,8.05,,,,,22.3,,,
AF76019,site 2,6/26/2019 12:54,,,712.0,4.55,,,,,,7.98,,,,,21.4,,,
AF76020,site 2,6/26/2019 12:54,,,714.0,3.37,,,,,,7.8,,,,,21.02,,,
AF76022,site 3,6/26/2019 13:17,,,679.0,6.3,,,,,,8.11,,,,,22.65,,,
AF76023,site 3,6/26/2019 13:17,,,700.0,6.27,,,,,,8.1,,,,,22.54,,,
AF76024,site 3,6/26/2019 13:17,,,700.0,6.38,,,,,,8.08,,,,,22.19,,,
AF82517,site 1,7/19/2019 10:00,,,726.0,7.16,0.0,,,,,8.17,,,,,27.22,,,
AF82518,site 1,7/19/2019 10:00,,,733.0,7.16,3.0,,,,,8.07,,,,,26.75,,,
AF82519,site 1,7/19/2019 10:00,,,735.0,6.82,6.0,,,,,8.04,,,,,26.67,,,
AF82520,site 1,7/19/2019 10:00,,,735.0,6.58,9.0,,,,,8.04,,,,,26.64,,,
AF82521,site 1,7/19/2019 10:00,,,743.0,5.12,12.0,,,,,7.9,,,,,25.92,,,
AF82522,site 1,7/19/2019 10:00,,,743.0,4.36,15.0,,,,,7.82,,,,,25.76,,,
AF82523,site 1,7/19/2019 10:00,,,743.0,3.76,18.0,,,,,7.85,,,,,25.76,,,
AF82525,site 2,7/19/2019 10:27,,,721.0,8.22,0.0,,,,,8.29,,,,,27.52,,,
AF82526,site 2,7/19/2019 10:27,,,728.0,8.64,3.0,,,,,8.29,,,,,27.33,,,
AF82527,site 2,7/19/2019 10:27,,,730.0,8.26,6.0,,,,,8.18,,,,,26.84,,,
AF82528,site 2,7/19/2019 10:27,,,737.0,7.28,9.0,,,,,8.05,,,,,26.46,,,
AF82529,site 2,7/19/2019 10:27,,,741.0,5.96,12.0,,,,,7.94,,,,,26.01,,,
AF82530,site 2,7/19/2019 10:27,,,747.0,4.76,15.0,,,,,7.86,,,,,25.56,,,
AF82531,site 2,7/19/2019 10:27,,,799.0,2.0,18.0,,,,,7.72,,,,,23.41,,,
AF82532,site 2,7/19/2019 10:27,,,799.0,0.54,21.0,,,,,7.66,,,,,23.23,,,
AF82533,site 2,7/19/2019 10:27,,,799.0,0.32,23.0,,,,,7.64,,,,,23.19,,,
AF89223,site 1,8/13/2019 10:19,,,772.0,6.76,,,,,,8.06,,,,,24.95,,,
AF89224,site 1,8/13/2019 10:19,,,774.0,6.4,,,,,,8.11,,,,,25.05,,,
AF89225,site 1,8/13/2019 10:19,,,784.0,6.36,,,,,,8.01,,,,,24.81,,,
AF89226,site 1,8/13/2019 10:19,,,797.0,5.58,,,,,,7.78,,,,,24.4,,,
AF89227,site 1,8/13/2019 10:19,,,801.0,5.82,,,,,,7.89,,,,,24.02,,,
AF89228,site 1,8/13/2019 10:19,,,803.0,5.65,,,,,,7.89,,,,,23.78,,,
AF89229,site 1,8/13/2019 10:19,,,805.0,5.48,,,,,,7.87,,,,,23.56,,,
AF89230,site 1,8/13/2019 10:19,,,806.0,5.23,,,,,,7.87,,,,,23.5,,,
AF89232,site 2,8/13/2019 11:03,,,771.0,8.0,,,,,,8.34,,,,,25.09,,,
AF89233,site 2,8/13/2019 11:03,,,775.0,8.09,,,,,,8.3,,,,,25.1,,,
AF89234,site 2,8/13/2019 11:03,,,790.0,6.96,,,,,,8.09,,,,,24.83,,,
AF89235,site 2,8/13/2019 11:03,,,798.0,6.12,,,,,,7.95,,,,,24.39,,,
AF89236,site 2,8/13/2019 11:03,,,803.0,6.08,,,,,,7.97,,,,,23.99,,,
AF89237,site 2,8/13/2019 11:03,,,807.0,5.35,,,,,,7.85,,,,,23.62,,,
AF89238,site 2,8/13/2019 11:03,,,809.0,4.95,,,,,,7.83,,,,,23.44,,,
AF89239,site 2,8/13/2019 11:03,,,812.0,4.33,,,,,,7.77,,,,,23.31,,,
AF89241,site 3,8/13/2019 11:33,,,788.0,6.51,,,,,,8.17,,,,,25.06,,,
AF89242,site 3,8/13/2019 11:33,,,788.0,6.35,,,,,,8.15,,,,,25.01,,,
AF89243,site 3,8/13/2019 11:33,,,789.0,6.22,,,,,,8.11,,,,,24.96,,,
AF89309,site 1,8/13/2019 10:19,,,807.0,4.92,,,,,,7.84,,,,,23.41,,,
AF89310,site 2,8/13/2019 11:03,,,802.0,0.63,,,,,,7.56,,,,,23.04,,,
AF89311,site 3,8/13/2019 11:33,,,789.0,6.2,,,,,,8.1,,,,,24.95,,,
AG01027,site 1,9/25/2019 9:40,,,774.0,6.25,0.0,,,,,7.38,,,,,21.47,,,
AG01028,site 1,9/25/2019 9:41,,,781.0,6.37,3.0,,,,,7.45,,,,,21.48,,,
AG01029,site 1,9/25/2019 9:42,,,779.0,6.62,6.0,,,,,7.57,,,,,21.34,,,
AG01030,site 1,9/25/2019 9:43,,,777.0,6.47,9.0,,,,,7.79,,,,,21.25,,,
AG01031,site 1,9/25/2019 9:44,,,777.0,6.92,12.0,,,,,8.05,,,,,21.12,,,
AG01032,site 1,9/25/2019 9:45,,,777.0,7.07,15.0,,,,,8.16,,,,,21.09,,,
AG01033,site 1,9/25/2019 9:46,,,777.0,7.45,18.0,,,,,8.22,,,,,21.08,,,
AG01034,site 1,9/25/2019 9:47,,,777.0,7.21,21.0,,,,,8.23,,,,,21.08,,,
AG01035,site 1,9/25/2019 9:48,,,776.0,7.32,24.0,,,,,8.23,,,,,21.07,,,
AG01037,site 2,9/25/2019 10:04,,,778.0,7.07,0.0,,,,,8.23,,,,,21.49,,,
AG01038,site 2,9/25/2019 10:05,,,778.0,7.48,3.0,,,,,8.23,,,,,21.5,,,
AG01039,site 2,9/25/2019 10:06,,,778.0,7.55,6.0,,,,,8.22,,,,,21.49,,,
AG01040,site 2,9/25/2019 10:07,,,778.0,7.46,9.0,,,,,8.15,,,,,21.29,,,
AG01041,site 2,9/25/2019 10:08,,,777.0,7.59,12.0,,,,,8.14,,,,,21.18,,,
AG01042,site 2,9/25/2019 10:09,,,778.0,8.02,15.0,,,,,8.2,,,,,21.04,,,
AG01043,site 2,9/25/2019 10:10,,,778.0,8.39,18.0,,,,,8.14,,,,,21.03,,,
AG01045,site 3,9/25/2019 10:24,,,781.0,6.83,0.0,,,,,8.14,,,,,20.74,,,
AG01046,site 3,9/25/2019 10:25,,,782.0,6.91,3.0,,,,,8.12,,,,,20.7,,,
AG01047,site 3,9/25/2019 10:26,,,783.0,7.01,6.0,,,,,8.09,,,,,20.7,,,
AH60093,site 1,4/27/2021 11:51,,,817.0,6.32,,,,,,8.35,,,,,11.28,,,
AH60094,site 1,4/27/2021 11:51,,,818.0,6.24,,,,,,8.35,,,,,11.28,,,
AH60095,site 1,4/27/2021 11:51,,,818.0,6.26,,,,,,8.34,,,,,11.26,,,
AH60096,site 1,4/27/2021 11:51,,,819.0,6.18,,,,,,8.34,,,,,11.22,,,
AH60097,site 1,4/27/2021 11:51,,,820.0,6.24,,,,,,8.33,,,,,11.24,,,
AH60098,site 1,4/27/2021 11:51,,,820.0,6.12,,,,,,8.34,,,,,11.2,,,
AH60099,site 1,4/27/2021 11:51,,,821.0,6.22,,,,,,8.33,,,,,11.18,,,
AH60100,site 1,4/27/2021 11:51,,,821.0,6.21,,,,,,8.32,,,,,11.17,,,
AH60102,site 2,4/27/2021 10:33,,,819.0,6.47,,,,,,8.72,,,,,11.77,,,
AH60103,site 2,4/27/2021 10:33,,,825.0,6.35,,,,,,8.62,,,,,11.35,,,
AH60104,site 2,4/27/2021 10:33,,,826.0,6.49,,,,,,8.66,,,,,11.24,,,
AH60105,site 2,4/27/2021 10:33,,,826.0,6.66,,,,,,8.62,,,,,11.24,,,
AH60106,site 2,4/27/2021 10:33,,,827.0,6.33,,,,,,8.64,,,,,11.18,,,
AH60107,site 2,4/27/2021 10:33,,,826.0,6.07,,,,,,8.62,,,,,11.19,,,
AH60108,site 2,4/27/2021 10:33,,,827.0,6.39,,,,,,8.6,,,,,11.04,,,
AH60111,site 3,4/27/2021 11:05,,,834.0,5.77,,,,,,8.16,,,,,11.36,,,
AH60112,site 3,4/27/2021 11:05,,,834.0,5.53,,,,,,8.25,,,,,11.18,,,
AH60113,site 3,4/27/2021 11:05,,,833.0,5.33,,,,,,8.26,,,,,11.03,,,
AH60201,site 1,4/27/2021 11:51,,,822.0,6.26,,,,,,8.32,,,,,11.17,,,
AH60202,site 3,4/27/2021 11:05,,,832.0,5.02,,,,,,8.26,,,,,11.06,,,
AH64728,site 2,5/12/2021 11:01,,,825.0,6.46,,,,,,8.17,,,,,12.35,,,
AH64729,site 2,5/12/2021 11:01,,,824.0,6.6,,,,,,8.16,,,,,12.12,,,
AH64730,site 2,5/12/2021 11:01,,,824.0,6.44,,,,,,8.15,,,,,12.16,,,
AH64731,site 2,5/12/2021 11:01,,,825.0,6.45,,,,,,8.15,,,,,12.32,,,
AH64732,site 2,5/12/2021 11:01,,,825.0,6.25,,,,,,8.17,,,,,11.87,,,
AH64733,site 2,5/12/2021 11:01,,,826.0,6.48,,,,,,8.18,,,,,11.89,,,
AH64734,site 2,5/12/2021 11:01,,,826.0,6.63,,,,,,8.17,,,,,11.97,,,
AH64735,site 2,5/12/2021 11:01,,,825.0,6.49,,,,,,8.17,,,,,12.04,,,
AH64736,site 1,5/12/2021 10:11,,,825.0,6.22,,,,,,8.16,,,,,12.3,,,
AH64737,site 1,5/12/2021 10:11,,,824.0,6.36,,,,,,8.17,,,,,12.13,,,
AH64738,site 1,5/12/2021 10:11,,,824.0,6.24,,,,,,8.17,,,,,12.05,,,
AH64739,site 1,5/12/2021 10:11,,,825.0,6.32,,,,,,8.17,,,,,12.14,,,
AH64740,site 1,5/12/2021 10:11,,,824.0,6.38,,,,,,8.16,,,,,11.96,,,
AH64741,site 1,5/12/2021 10:11,,,824.0,6.55,,,,,,8.17,,,,,11.98,,,
AH64742,site 1,5/12/2021 10:11,,,824.0,6.31,,,,,,8.17,,,,,12.08,,,
AH64743,site 1,5/12/2021 10:11,,,825.0,6.19,,,,,,8.17,,,,,12.1,,,
AH64744,site 1,5/12/2021 10:11,,,825.0,6.0,,,,,,8.17,,,,,12.17,,,
AH68584,site 3,5/25/2021 11:24,,,847.0,3.21,,17.1,8.7,,,7.95,,,,,23.88,1299.7,,
AH68585,site 3,5/25/2021 11:24,,,862.0,2.88,,,,,,7.78,,,,,22.55,,,
AH68586,site 3,5/25/2021 11:24,,,869.0,2.87,,,,,,7.85,,,,,23.04,,,
AH68587,site 3,5/25/2021 11:24,,,873.0,2.93,,,,,,7.9,,,,,23.32,,,
AH68588,site 2,5/25/2021 10:40,,,856.0,4.24,,3.1,,,,8.13,,,,,23.69,307.6,,
AH68589,site 2,5/25/2021 10:40,,,863.0,3.37,,,,,,7.87,,,,,21.77,,,
AH68590,site 2,5/25/2021 10:40,,,860.0,3.81,,,,,,7.97,,,,,22.77,,,
AH68591,site 2,5/25/2021 10:40,,,856.0,4.26,,,,,,8.12,,,,,23.57,,,
AH68592,site 2,5/25/2021 10:40,,,847.0,0.25,,,,,,7.51,,,,,15.66,,,
AH68593,site 2,5/25/2021 10:40,,,847.0,3.7,,,,,,7.8,,,,,17.44,,,
AH68594,site 2,5/25/2021 10:40,,,847.0,4.4,,,,,,7.97,,,,,18.22,,,
AH68595,site 2,5/25/2021 10:40,,,850.0,4.08,,,,,,7.92,,,,,20.0,,,
AH68596,site 1,5/25/2021 10:08,,,854.0,3.6,,3.1,8.7,,,8.3,,,,,23.5,648.8,,
AH68597,site 1,5/25/2021 10:08,,,871.0,2.47,,,,,,7.9,,,,,21.67,,,
AH68598,site 1,5/25/2021 10:08,,,864.0,2.85,,,,,,8.1,,,,,22.56,,,
AH68599,site 1,5/25/2021 10:08,,,856.0,3.35,,,,,,8.26,,,,,23.39,,,
AH68600,site 1,5/25/2021 10:08,,,850.0,2.6,,,,,,7.78,,,,,16.84,,,
AH68601,site 1,5/25/2021 10:08,,,846.0,3.26,,,,,,7.89,,,,,17.31,,,
AH68602,site 1,5/25/2021 10:08,,,844.0,3.97,,,,,,7.97,,,,,17.68,,,
AH68603,site 1,5/25/2021 10:08,,,851.0,4.62,,,,,,8.16,,,,,18.23,,,
AH68604,site 1,5/25/2021 10:08,,,856.0,3.15,,,,,,7.95,,,,,20.28,,,
AH73012,site 3,6/9/2021 10:32,,,848.0,3.88,,10.9,7.5,,,7.87,,,,,25.53,613.1,,
AH73013,site 3,6/9/2021 10:32,,,850.0,3.27,,,,,,7.77,,,,,24.74,,,
AH73014,site 3,6/9/2021 10:32,,,849.0,3.48,,,,,,7.82,,,,,24.93,,,
AH73015,site 2,6/9/2021 9:50,,,852.0,4.61,,4.1,2.0,,,8.06,,,,,26.12,248.9,,
AH73016,site 2,6/9/2021 9:50,,,860.0,3.2,,,,,,7.71,,,,,24.48,,,
AH73017,site 2,6/9/2021 9:50,,,857.0,3.81,,,,,,7.82,,,,,25.11,,,
AH73018,site 2,6/9/2021 9:50,,,851.0,4.36,,,,,,8.05,,,,,25.73,,,
AH73019,site 2,6/9/2021 9:50,,,863.0,2.02,,,,,,7.51,,,,,22.95,,,
AH73020,site 2,6/9/2021 9:50,,,862.0,2.58,,,,,,7.63,,,,,23.76,,,
AH73021,site 2,6/9/2021 9:50,,,860.0,3.08,,,,,,7.67,,,,,24.1,,,
AH73022,site 1,6/9/2021 9:07,,,848.0,4.08,,1.0,3.1,,,7.83,,,,,25.72,648.8,,
AH73023,site 1,6/9/2021 9:07,,,863.0,2.63,,,,,,7.68,,,,,24.1,,,
AH73024,site 1,6/9/2021 9:07,,,861.0,3.12,,,,,,7.68,,,,,24.7,,,
AH73025,site 1,6/9/2021 9:07,,,858.0,3.33,,,,,,7.77,,,,,24.97,,,
AH73026,site 1,6/9/2021 9:07,,,862.0,2.64,,,,,,7.64,,,,,23.83,,,
AH73027,site 1,6/9/2021 9:07,,,862.0,2.58,,,,,,7.65,,,,,23.83,,,
AH73028,site 1,6/9/2021 9:07,,,862.0,2.52,,,,,,7.65,,,,,23.83,,,
AH73029,site 1,6/9/2021 9:07,,,862.0,2.67,,,,,,7.65,,,,,23.83,,,
AH73030,site 1,6/9/2021 9:07,,,862.0,2.67,,,,,,7.65,,,,,23.85,,,
AH76408,site 3,6/21/2021 12:09,,,844.0,3.14,,,,,,7.88,,,,,24.35,,,
AH76409,site 3,6/21/2021 12:09,,,843.0,2.91,,,,,,7.94,,,,,24.26,,,
AH76410,site 3,6/21/2021 12:09,,,841.0,3.09,,,,,,7.95,,,,,24.33,,,
AH76411,site 2,6/21/2021 11:36,,,834.0,4.44,,,,,,8.17,,,,,24.62,,,
AH76412,site 2,6/21/2021 11:36,,,834.0,4.35,,,,,,8.16,,,,,24.55,,,
AH76413,site 2,6/21/2021 11:36,,,834.0,4.43,,,,,,8.17,,,,,24.59,,,
AH76414,site 2,6/21/2021 11:36,,,834.0,4.41,,,,,,8.17,,,,,24.62,,,
AH76415,site 2,6/21/2021 11:36,,,851.0,2.72,,,,,,7.71,,,,,23.14,,,
AH76416,site 2,6/21/2021 11:36,,,852.0,3.01,,,,,,7.77,,,,,23.47,,,
AH76417,site 2,6/21/2021 11:36,,,836.0,4.33,,,,,,8.14,,,,,24.48,,,
AH76418,site 1,6/21/2021 10:54,,,836.0,4.18,,,,,,8.11,,,,,24.46,,,
AH76419,site 1,6/21/2021 10:54,,,837.0,4.21,,,,,,8.12,,,,,24.46,,,
AH76420,site 1,6/21/2021 10:54,,,836.0,4.26,,,,,,8.14,,,,,24.47,,,
AH76421,site 1,6/21/2021 10:54,,,837.0,4.35,,,,,,8.16,,,,,24.47,,,
AH76422,site 1,6/21/2021 10:54,,,853.0,2.51,,,,,,7.7,,,,,23.13,,,
AH76423,site 1,6/21/2021 10:54,,,853.0,2.61,,,,,,7.71,,,,,23.16,,,
AH76424,site 1,6/21/2021 10:54,,,853.0,2.63,,,,,,7.72,,,,,23.18,,,
AH76425,site 1,6/21/2021 10:54,,,852.0,2.73,,,,,,7.75,,,,,23.63,,,
AH76426,site 1,6/21/2021 10:54,,,850.0,2.96,,,,,,7.81,,,,,23.75,,,
AH80945,site 3,7/7/2021 10:47,,,792.0,3.72,,,,,,7.87,,,,,26.85,,,
AH80946,site 3,7/7/2021 10:47,,,795.0,3.15,,,,,,7.85,,,,,25.99,,,
AH80947,site 3,7/7/2021 10:47,,,794.0,3.17,,,,,,7.86,,,,,26.18,,,
AH80948,site 2,7/7/2021 11:07,,,794.0,4.07,,,,,,7.96,,,,,27.46,,,
AH80949,site 2,7/7/2021 11:07,,,792.0,3.68,,,,,,7.89,,,,,26.88,,,
AH80950,site 2,7/7/2021 11:07,,,793.0,3.78,,,,,,7.96,,,,,27.12,,,
AH80951,site 2,7/7/2021 11:07,,,793.0,3.89,,,,,,7.96,,,,,27.33,,,
AH80952,site 2,7/7/2021 11:07,,,791.0,2.72,,,,,,7.75,,,,,25.8,,,
AH80953,site 2,7/7/2021 11:07,,,792.0,3.31,,,,,,7.85,,,,,26.46,,,
AH80954,site 2,7/7/2021 11:07,,,792.0,3.53,,,,,,7.88,,,,,26.79,,,
AH80955,site 1,7/7/2021 11:44,,,794.0,4.0,,,,,,7.98,,,,,27.6,,,
AH80956,site 1,7/7/2021 11:44,,,793.0,3.78,,,,,,7.9,,,,,26.83,,,
AH80957,site 1,7/7/2021 11:44,,,793.0,3.81,,,,,,7.89,,,,,26.82,,,
AH80958,site 1,7/7/2021 11:44,,,794.0,3.88,,,,,,7.95,,,,,27.56,,,
AH80959,site 1,7/7/2021 11:44,,,788.0,2.33,,,,,,7.64,,,,,25.5,,,
AH80960,site 1,7/7/2021 11:44,,,789.0,2.68,,,,,,7.67,,,,,25.62,,,
AH80961,site 1,7/7/2021 11:44,,,792.0,3.05,,,,,,7.72,,,,,25.93,,,
AH80962,site 1,7/7/2021 11:44,,,793.0,3.74,,,,,,7.88,,,,,26.78,,,
AH80963,site 1,7/7/2021 11:44,,,792.0,3.63,,,,,,7.89,,,,,26.81,,,
AH84933,site 3,7/21/2021 11:17,,,732.0,2.83,,,,,,7.93,,,,,24.07,,,
AH84934,site 3,7/21/2021 11:17,,,732.0,2.94,,,,,,7.93,,,,,24.31,,,
AH84936,site 2,7/21/2021 10:53,,,720.0,3.39,,,,,,7.99,,,,,24.9,,,
AH84937,site 2,7/21/2021 10:53,,,720.0,3.41,,,,,,7.99,,,,,24.97,,,
AH84938,site 2,7/21/2021 10:53,,,720.0,3.52,,,,,,7.98,,,,,25.02,,,
AH84939,site 2,7/21/2021 10:53,,,699.0,1.15,,,,,,7.63,,,,,23.7,,,
AH84940,site 2,7/21/2021 10:53,,,714.0,3.2,,,,,,7.92,,,,,21.61,,,
AH84941,site 2,7/21/2021 10:53,,,719.0,3.48,,,,,,7.97,,,,,24.87,,,
AH84942,site 2,7/21/2021 10:53,,,719.0,3.32,,,,,,7.98,,,,,24.86,,,
AH84944,site 1,7/21/2021 10:25,,,719.0,3.38,,,,,,8.02,,,,,24.9,,,
AH84945,site 1,7/21/2021 10:25,,,719.0,3.52,,,,,,8.04,,,,,24.9,,,
AH84946,site 1,7/21/2021 10:25,,,717.0,3.4,,,,,,8.02,,,,,24.78,,,
AH84947,site 1,7/21/2021 10:25,,,706.0,2.9,,,,,,7.79,,,,,24.32,,,
AH84948,site 1,7/21/2021 10:25,,,719.0,3.55,,,,,,7.97,,,,,24.88,,,
AH84949,site 1,7/21/2021 10:25,,,719.0,3.56,,,,,,7.98,,,,,24.91,,,
AH84950,site 1,7/21/2021 10:25,,,719.0,3.69,,,,,,8.0,,,,,24.91,,,
AH84951,site 1,7/21/2021 10:25,,,719.0,3.32,,,,,,8.02,,,,,24.86,,,
AH92610,site 3,8/16/2021 11:55,,,725.0,4.56,,,,,,7.77,,,,,23.25,,,
AH92611,site 3,8/16/2021 11:55,,,725.0,4.56,,,,,,7.77,,,,,23.27,,,
AH92613,site 2,8/16/2021 11:22,,,708.0,4.7,,,,,,7.79,,,,,24.05,,,
AH92614,site 2,8/16/2021 11:22,,,707.0,4.9,,,,,,7.85,,,,,24.14,,,
AH92615,site 2,8/16/2021 11:22,,,702.0,3.39,,,,,,7.27,,,,,23.36,,,
AH92616,site 2,8/16/2021 11:22,,,707.0,4.45,,,,,,7.72,,,,,23.87,,,
AH92617,site 2,8/16/2021 11:22,,,707.0,4.51,,,,,,7.73,,,,,24.89,,,
AH92618,site 2,8/16/2021 11:22,,,706.0,4.7,,,,,,7.73,,,,,23.92,,,
AH92619,site 1,8/16/2021 10:52,,,703.0,4.32,,30.9,45.3,,,7.78,,,,,24.15,1986.3,,
AH92620,site 1,8/16/2021 10:52,,,707.0,4.48,,,,,,7.81,,,,,24.05,,,
AH92621,site 1,8/16/2021 10:52,,,705.0,4.74,,,,,,7.83,,,,,24.14,,,
AH92622,site 1,8/16/2021 10:52,,,705.0,4.37,,,,,,7.84,,,,,24.17,,,
AH92623,site 1,8/16/2021 10:52,,,708.0,4.34,,,,,,7.78,,,,,24.04,,,
AH92624,site 1,8/16/2021 10:52,,,707.0,4.78,,,,,,7.78,,,,,24.05,,,
AH92625,site 1,8/16/2021 10:52,,,707.0,4.38,,,,,,7.79,,,,,24.07,,,
AH92626,site 1,8/16/2021 10:52,,,706.0,4.62,,,,,,7.8,,,,,24.07,,,
AH96917,site 3,9/1/2021 10:55,,,722.0,3.67,,,,,,7.97,,,,,24.54,,,
AH96918,site 3,9/1/2021 10:55,,,726.0,3.87,,,,,,8.02,,,,,24.64,,,
AH96919,site 2,9/1/2021 10:20,,,722.0,4.08,,13.2,8.7,,,7.96,,,,,25.92,1986.3,,
AH96920,site 2,9/1/2021 10:20,,,723.0,3.8,,,,,,7.96,,,,,25.89,,,
AH96921,site 2,9/1/2021 10:20,,,723.0,3.69,,,,,,7.98,,,,,25.91,,,
AH96922,site 2,9/1/2021 10:20,,,723.0,3.85,,,,,,7.96,,,,,25.92,,,
AH96923,site 2,9/1/2021 10:20,,,722.0,3.02,,,,,,7.73,,,,,25.41,,,
AH96924,site 2,9/1/2021 10:20,,,722.0,3.25,,,,,,7.78,,,,,25.51,,,
AH96925,site 2,9/1/2021 10:20,,,723.0,3.43,,,,,,7.85,,,,,25.71,,,
AH96926,site 2,9/1/2021 10:20,,,723.0,3.74,,,,,,7.93,,,,,25.84,,,
AH96927,site 1,9/1/2021 9:33,,,720.0,4.27,,16.4,11.1,,,7.93,,,,,25.86,165.2,,
AH96928,site 1,9/1/2021 9:33,,,723.0,3.8,,,,,,7.97,,,,,25.86,,,
AH96929,site 1,9/1/2021 9:33,,,723.0,4.05,,,,,,7.98,,,,,25.87,,,
AH96930,site 1,9/1/2021 9:33,,,722.0,4.21,,,,,,7.96,,,,,25.86,,,
AH96931,site 1,9/1/2021 9:33,,,723.0,3.63,,,,,,7.95,,,,,25.86,,,
AH96932,site 1,9/1/2021 9:33,,,723.0,3.62,,,,,,7.96,,,,,25.86,,,
AH96933,site 1,9/1/2021 9:33,,,723.0,3.6,,,,,,7.96,,,,,25.86,,,
AH96934,site 1,9/1/2021 9:33,,,723.0,3.67,,,,,,7.97,,,,,25.86,,,
AH96935,site 1,9/1/2021 9:33,,,723.0,3.71,,,,,,7.95,,,,,25.86,,,
AI02610,site 3,9/21/2021 9:50,,,770.0,3.93,,146.7,109.1,,,7.81,,,,,21.87,2419.6,,
AI02611,site 3,9/21/2021 9:50,,,775.0,3.42,,,,,,7.66,,,,,21.73,,,
AI02612,site 3,9/21/2021 9:50,,,771.0,4.0,,,,,,7.8,,,,,21.88,,,
AI02613,site 2,9/21/2021 9:27,,,774.0,4.23,,31.3,23.8,,,7.88,,,,,22.17,770.1,,
AI02614,site 2,9/21/2021 9:27,,,776.0,3.96,,,,,,7.86,,,,,22.13,,,
AI02615,site 2,9/21/2021 9:27,,,776.0,4.21,,,,,,7.87,,,,,22.16,,,
AI02616,site 2,9/21/2021 9:27,,,776.0,4.2,,,,,,7.87,,,,,22.17,,,
AI02617,site 2,9/21/2021 9:27,,,781.0,3.07,,,,,,7.65,,,,,21.61,,,
AI02618,site 2,9/21/2021 9:27,,,779.0,3.79,,,,,,7.74,,,,,21.79,,,
AI02619,site 2,9/21/2021 9:27,,,777.0,3.96,,,,,,7.78,,,,,21.91,,,
AI02620,site 1,9/21/2021 10:22,,,777.0,3.9,,18.7,47.8,,,7.79,,,,,22.19,1553.1,,
AI02621,site 1,9/21/2021 10:22,,,778.0,3.97,,,,,,7.84,,,,,22.02,,,
AI02622,site 1,9/21/2021 10:22,,,778.0,3.75,,,,,,7.84,,,,,22.1,,,
AI02623,site 1,9/21/2021 10:22,,,777.0,4.05,,,,,,7.85,,,,,22.2,,,
AI02624,site 1,9/21/2021 10:22,,,780.0,3.35,,,,,,7.66,,,,,21.66,,,
AI02625,site 1,9/21/2021 10:22,,,781.0,3.45,,,,,,7.71,,,,,21.77,,,
AI02626,site 1,9/21/2021 10:22,,,781.0,3.64,,,,,,7.73,,,,,21.77,,,
AI02627,site 1,9/21/2021 10:22,,,780.0,3.81,,,,,,7.78,,,,,21.85,,,
AI04916,site 3,9/29/2021 8:55,,,752.0,4.04,,,,,,7.84,,,,,17.62,,,
AI04917,site 3,9/29/2021 8:55,,,752.0,4.11,,,,,,7.83,,,,,17.63,,,
AI04919,site 2,9/29/2021 8:24,,,740.0,4.4,,,,,,7.77,,,,,18.6,,,
AI04920,site 2,9/29/2021 8:24,,,740.0,4.32,,,,,,7.75,,,,,18.61,,,
AI04921,site 2,9/29/2021 8:24,,,740.0,4.51,,,,,,7.75,,,,,18.6,,,
AI04922,site 2,9/29/2021 8:24,,,742.0,4.45,,,,,,7.77,,,,,18.59,,,
AI04923,site 2,9/29/2021 8:24,,,742.0,4.47,,,,,,7.77,,,,,18.59,,,
AI04924,site 2,9/29/2021 8:24,,,741.0,4.43,,,,,,7.77,,,,,18.58,,,
AI04925,site 1,9/29/2021 9:31,,,737.0,4.68,,54.8,109.1,,,7.95,,,,,18.58,2419.6,,
AI04926,site 1,9/29/2021 9:31,,,738.0,4.58,,,,,,7.94,,,,,18.59,,,
AI04927,site 1,9/29/2021 9:31,,,738.0,4.55,,,,,,7.94,,,,,18.59,,,
AI04928,site 1,9/29/2021 9:31,,,737.0,4.58,,,,,,7.94,,,,,18.59,,,
AI04929,site 1,9/29/2021 9:31,,,739.0,4.34,,,,,,7.93,,,,,18.59,,,
AI04930,site 1,9/29/2021 9:31,,,739.0,4.6,,,,,,7.94,,,,,18.6,,,
AI04931,site 1,9/29/2021 9:31,,,739.0,4.68,,,,,,7.93,,,,,18.6,,,
AI04932,site 1,9/29/2021 9:31,,,739.0,4.58,,,,,,7.93,,,,,18.6,,,
AI04933,site 1,9/29/2021 9:31,,,738.0,4.64,,,,,,7.93,,,,,18.59,,,
AI69036,site 1,5/10/2022 9:32,,,708.0,7.63,,8.6,16.4,,,7.99,,,,,15.36,648.8,,
AI69037,site 1,5/10/2022 9:32,,,709.0,7.29,,,,,,7.94,,,,,15.32,,,
AI69038,site 1,5/10/2022 9:32,,,709.0,7.57,,,,,,7.95,,,,,15.32,,,
AI69039,site 1,5/10/2022 9:32,,,708.0,7.53,,,,,,7.96,,,,,15.34,,,
AI69040,site 1,5/10/2022 9:32,,,709.0,7.23,,,,,,7.92,,,,,15.27,,,
AI69041,site 1,5/10/2022 9:32,,,709.0,7.35,,,,,,7.92,,,,,15.29,,,
AI69043,site 2,5/10/2022 7:43,,,708.0,8.39,,6.3,11.1,,,8.02,,,,,15.36,435.2,,
AI69044,site 2,5/10/2022 7:43,,,709.0,7.72,,,,,,7.98,,,,,15.32,,,
AI69045,site 2,5/10/2022 7:43,,,708.0,7.92,,,,,,8.0,,,,,15.35,,,
AI69046,site 2,5/10/2022 7:43,,,708.0,8.02,,,,,,8.0,,,,,15.36,,,
AI69047,site 2,5/10/2022 7:43,,,709.0,7.66,,,,,,7.94,,,,,15.14,,,
AI69048,site 2,5/10/2022 7:43,,,710.0,7.38,,,,,,7.95,,,,,15.26,,,
AI69049,site 2,5/10/2022 7:43,,,710.0,7.62,,,,,,7.96,,,,,15.28,,,
AI69053,site 3,5/10/2022 9:14,,,719.0,6.55,,9.7,25.4,,,7.84,,,,,14.52,648.8,,
AI69054,site 3,5/10/2022 9:14,,,721.0,6.13,,,,,,7.78,,,,,14.13,,,
AI69055,site 3,5/10/2022 9:14,,,720.0,6.42,,,,,,7.8,,,,,14.34,,,
AI75247,site 3,6/1/2022 9:47,,,748.0,5.07,,,,,,7.59,,,,,22.49,,,
AI75248,site 3,6/1/2022 9:47,,,749.0,5.4,,,,,,7.6,,,,,22.74,,,
AI75249,site 2,6/1/2022 10:13,,,743.0,5.73,,29.8,,,,7.87,,,,,24.4,1119.9,,
AI75250,site 2,6/1/2022 10:13,,,749.0,5.38,,,,,,7.86,,,,,24.04,,,
AI75251,site 2,6/1/2022 10:13,,,744.0,5.6,,,,,,7.89,,,,,24.17,,,
AI75252,site 2,6/1/2022 10:13,,,743.0,5.7,,,,,,7.9,,,,,24.27,,,
AI75253,site 2,6/1/2022 10:13,,,728.0,5.35,,,,,,7.73,,,,,22.73,,,
AI75254,site 2,6/1/2022 10:13,,,739.0,5.57,,,,,,7.78,,,,,23.2,,,
AI75255,site 2,6/1/2022 10:13,,,749.0,5.39,,,,,,7.83,,,,,23.96,,,
AI75256,site 1,6/1/2022 10:28,,,728.0,5.59,,39.3,,,,7.92,,,,,24.56,2419.6,,
AI75257,site 1,6/1/2022 10:28,,,746.0,5.35,,,,,,7.86,,,,,24.07,,,
AI75258,site 1,6/1/2022 10:28,,,745.0,5.6,,,,,,7.9,,,,,24.13,,,
AI75259,site 1,6/1/2022 10:28,,,745.0,5.63,,,,,,7.9,,,,,24.14,,,
AI75260,site 1,6/1/2022 10:28,,,739.0,5.19,,,,,,7.78,,,,,22.97,,,
AI75261,site 1,6/1/2022 10:28,,,741.0,5.31,,,,,,7.79,,,,,23.42,,,
AI75262,site 1,6/1/2022 10:28,,,748.0,5.33,,,,,,7.85,,,,,23.83,,,
AI81050,site 1,6/22/2022 8:30,"Sunny, breezy, no clouds, river weed growing.",0.0384,,,,,,0.4,8.15161,,,0.0063,0.0246,5.25,,,1.6,0.2245
AI81051,site 1,6/22/2022 8:30,,,781.0,4.12,,12.1,16.4,,,7.97,,,,,25.46,1299.7,,
AI81052,site 1,6/22/2022 8:30,,,780.0,4.08,,,,,,8.07,,,,,25.4,,,
AI81053,site 1,6/22/2022 8:30,,,780.0,4.17,,,,,,8.0,,,,,25.43,,,
AI81054,site 1,6/22/2022 8:30,,,781.0,4.16,,,,,,7.99,,,,,25.46,,,
AI81055,site 1,6/22/2022 8:30,,,784.0,2.64,,,,,,7.73,,,,,22.73,,,
AI81056,site 1,6/22/2022 8:30,,,780.0,3.41,,,,,,7.83,,,,,23.22,,,
AI81057,site 1,6/22/2022 8:30,,,781.0,3.554,,,,,,7.85,,,,,23.63,,,
AI81058,site 1,6/22/2022 8:30,,,781.0,3.65,,,,,,7.88,,,,,24.46,,,
AI81059,site 2,6/22/2022 8:50,"Sunny, breezy, no clouds, river weed growing.",0.0381,,,,,,0.4,8.11623,,,0.0056,0.0239,6.0,,,2.0,0.2254
AI81060,site 2,6/22/2022 8:50,,,779.0,4.08,,21.6,23.8,,,7.97,,,,,25.39,1299.7,,
AI81061,site 2,6/22/2022 8:50,,,780.0,4.07,,,,,,7.93,,,,,25.39,,,
AI81062,site 2,6/22/2022 8:50,,,780.0,4.24,,,,,,7.94,,,,,25.37,,,
AI81063,site 2,6/22/2022 8:50,,,779.0,4.15,,,,,,7.95,,,,,25.39,,,
AI81064,site 2,6/22/2022 8:50,,,781.0,3.28,,,,,,7.72,,,,,23.1,,,
AI81065,site 2,6/22/2022 8:50,,,782.0,3.79,,,,,,7.82,,,,,23.48,,,
AI81066,site 2,6/22/2022 8:50,,,782.0,3.8,,,,,,7.84,,,,,24.62,,,
AI81067,site 3,6/22/2022 9:22,"Sunny, breezy, no clouds, river weed growing.",0.074,,,,,,0.4,6.80222,,,0.0147,0.0297,4.5,,,5.6,0.2234
AI81069,site 3,6/22/2022 9:22,,,788.0,3.03,,,,,,7.71,,,,,25.66,,,
AI81070,site 3,6/22/2022 9:22,,,790.0,3.03,,,,,,7.64,,,,,25.76,,,
AI87262,site 3,7/14/2022 8:20,,,746.0,3.21,,,,,,7.7,,,,,23.28,,,
AI87263,site 3,7/14/2022 8:20,,,746.0,3.3,,,,,,7.67,,,,,23.3,,,
AI87265,site 2,7/14/2022 8:38,,,774.0,3.58,,,,,,7.88,,,,,24.53,,,
AI87266,site 2,7/14/2022 8:38,,,778.0,3.79,,,,,,7.93,,,,,24.57,,,
AI87267,site 2,7/14/2022 8:38,,,779.0,3.78,,,,,,7.93,,,,,24.6,,,
AI87268,site 2,7/14/2022 8:38,,,756.0,3.05,,,,,,7.73,,,,,24.15,,,
AI87269,site 2,7/14/2022 8:38,,,770.0,2.77,,,,,,7.69,,,,,24.24,,,
AI87270,site 2,7/14/2022 8:38,,,775.0,2.9,,,,,,7.75,,,,,24.37,,,
AI87271,site 1,7/14/2022 9:00,,,781.0,3.86,,19.9,23.8,,,7.82,,,,,24.6,2419.6,,
AI87272,site 1,7/14/2022 9:00,,,784.0,3.52,,,,,,7.9,,,,,24.52,,,
AI87273,site 1,7/14/2022 9:00,,,784.0,3.76,,,,,,7.93,,,,,24.56,,,
AI87274,site 1,7/14/2022 9:00,,,782.0,3.85,,,,,,7.93,,,,,24.6,,,
AI87275,site 1,7/14/2022 9:00,,,758.0,2.85,,,,,,7.68,,,,,24.13,,,
AI87276,site 1,7/14/2022 9:00,,,764.0,3.06,,,,,,7.71,,,,,24.18,,,
AI87277,site 1,7/14/2022 9:00,,,757.0,3.38,,,,,,7.8,,,,,24.23,,,
AI87278,site 1,7/14/2022 9:00,,,760.0,3.4,,,,,,7.84,,,,,24.39,,,
AI90778,site 1,7/27/2022 8:52,,,798.0,4.76,,2.0,3.1,,,7.92,,,,,25.97,461.1,,
AI90779,site 1,7/27/2022 8:52,,,799.0,4.71,,,,,,7.97,,,,,25.97,,,
AI90780,site 1,7/27/2022 8:52,,,798.0,4.25,,,,,,7.86,,,,,25.73,,,
AI90781,site 1,7/27/2022 8:52,,,789.0,4.18,,,,,,7.81,,,,,25.25,,,
AI90782,site 1,7/27/2022 8:52,,,791.0,3.78,,,,,,7.75,,,,,24.98,,,
AI90783,site 1,7/27/2022 8:52,,,789.0,3.48,,,,,,7.68,,,,,24.69,,,
AI90784,site 1,7/27/2022 8:52,,,789.0,3.47,,,,,,7.66,,,,,24.7,,,
AI90785,site 1,7/27/2022 8:52,,,790.0,3.35,,,,,,7.63,,,,,24.66,,,
AI90787,site 2,7/27/2022 8:40,,,797.0,4.84,,,,,,8.0,,,,,26.01,,,
AI90788,site 2,7/27/2022 8:40,,,798.0,4.11,,,,,,7.82,,,,,25.81,,,
AI90789,site 2,7/27/2022 8:40,,,789.0,4.08,,,,,,7.82,,,,,25.34,,,
AI90790,site 2,7/27/2022 8:40,,,790.0,3.92,,,,,,7.76,,,,,24.92,,,
AI90791,site 2,7/27/2022 8:40,,,789.0,3.78,,,,,,7.73,,,,,24.73,,,
AI90792,site 2,7/27/2022 8:40,,,790.0,3.41,,,,,,7.65,,,,,24.63,,,
AI90793,site 3,7/27/2022 8:18,,,773.0,4.98,,4.1,2.0,,,7.73,,,,,25.53,1732.9,,
AI90794,site 3,7/27/2022 8:18,,,780.0,4.98,,,,,,7.89,,,,,25.25,,,
AI90795,site 3,7/27/2022 8:18,,,783.0,5.02,,,,,,7.9,,,,,24.51,,,
AI94742,site 1,8/10/2022 11:08,,,761.0,4.69,,11.9,12.4,,,7.91,,,,,26.99,1986.3,,
AI94743,site 1,8/10/2022 0:00,,,763.0,4.81,,,,,,7.94,,,,,26.71,,,
AI94744,site 1,8/10/2022 0:00,,,766.0,4.58,,,,,,7.88,,,,,26.38,,,
AI94745,site 1,8/10/2022 0:00,,,775.0,4.49,,,,,,7.84,,,,,26.16,,,
AI94746,site 1,8/10/2022 0:00,,,782.0,4.5,,,,,,7.83,,,,,25.99,,,
AI94747,site 1,8/10/2022 0:00,,,786.0,4.55,,,,,,7.81,,,,,25.95,,,
AI94748,site 1,8/10/2022 0:00,,,786.0,4.48,,,,,,7.81,,,,,25.88,,,
AI94749,site 1,8/10/2022 0:00,,,786.0,4.44,,,,,,7.8,,,,,25.86,,,
AI94750,site 2,8/10/2022 10:41,,,763.0,4.8,,8.5,9.9,,,7.88,,,,,26.74,1732.9,,
AI94751,site 2,8/10/2022 0:00,,,762.0,4.71,,,,,,7.9,,,,,26.59,,,
AI94752,site 2,8/10/2022 0:00,,,760.0,4.54,,,,,,7.88,,,,,26.48,,,
AI94753,site 2,8/10/2022 0:00,,,760.0,4.45,,,,,,7.85,,,,,26.46,,,
AI94754,site 2,8/10/2022 0:00,,,781.0,4.49,,,,,,7.77,,,,,26.0,,,
AI94755,site 2,8/10/2022 0:00,,,786.0,4.58,,,,,,7.78,,,,,25.89,,,
AI94756,site 2,8/10/2022 0:00,,,785.0,4.65,,,,,,7.78,,,,,25.8,,,
AI94758,site 3,8/10/2022 0:00,,,784.0,3.77,,,,,,7.65,,,,,24.97,,,
AI94759,site 3,8/10/2022 0:00,,,783.0,3.54,,,,,,7.63,,,,,24.89,,,
AJ00481,site 3,8/31/2022 9:37,"Sunny, windy, some river weed, swans and ducks on river",0.055,,,,,,0.2,3.36052,,,0.0145,0.03,5.0,,,3.6,0.17
AJ00482,site 2,8/31/2022 9:51,"Sunny, windy, some river weed, swans and ducks on river",0.0382,,,,,,0.1,3.78505,,,0.0089,0.0221,6.5,,,0.8,0.1707
AJ00483,site 1,8/31/2022 10:03,"Sunny, windy, some river weed, swans and ducks on river",0.0383,,,,,,0.1,3.49192,,,0.0078,0.0227,6.25,,,2.4,0.1699
AJ00485,site 3,8/31/2022 9:37,,,786.0,5.52,,,,,,7.53,,,,,23.03,,,
AJ00486,site 3,8/31/2022 9:37,,,786.0,6.1,,,,,,7.55,,,,,23.17,,,
AJ00487,site 2,8/31/2022 9:51,,,771.0,6.23,,,,,,7.71,,,,,23.78,,,
AJ00488,site 2,8/31/2022 9:51,,,770.0,6.43,,,,,,7.72,,,,,23.03,,,
AJ00489,site 2,8/31/2022 9:51,,,772.0,5.91,,,,,,7.61,,,,,23.69,,,
AJ00490,site 2,8/31/2022 9:51,,,772.0,6.1,,,,,,7.6,,,,,23.71,,,
AJ00491,site 2,8/31/2022 9:51,,,772.0,5.88,,,,,,7.58,,,,,23.71,,,
AJ00492,site 1,8/31/2022 10:03,,,768.0,5.82,,13.4,1.0,,,7.64,,,,,23.85,1299.7,,
AJ00493,site 1,8/31/2022 10:03,,,770.0,6.14,,,,,,7.7,,,,,23.79,,,
AJ00494,site 1,8/31/2022 10:03,,,770.0,6.07,,,,,,7.72,,,,,23.8,,,
AJ00495,site 1,8/31/2022 10:03,,,770.0,6.07,,,,,,7.73,,,,,23.84,,,
AJ00496,site 1,8/31/2022 10:03,,,772.0,5.75,,,,,,7.54,,,,,23.67,,,
AJ00497,site 1,8/31/2022 10:03,,,771.0,5.83,,,,,,7.62,,,,,23.73,,,
AJ00498,site 1,8/31/2022 10:03,,,770.0,5.85,,,,,,7.67,,,,,23.78,,,
AJ00499,site 2,8/31/2022 9:51,,,772.0,6.12,,,,,,7.66,,,,,23.74,,,
AJ04348,site 3,9/14/2022 11:45,,0.0356,,,,,,0.2,6.97911,,,0.0081,0.0201,,,,2.4,0.1634
AJ04349,site 2,9/14/2022 12:01,,0.0341,,,,,,0.2,5.03336,,,0.0071,0.0293,,,,2.0,0.1571
AJ04350,site 1,9/14/2022 12:22,,0.0363,,,,,,0.2,5.04347,,,0.0074,0.026,,,,2.0,0.1572
AJ04351,site 3,9/14/2022 11:45,,,780.0,5.22,,14.8,4.2,,,7.43,,,,,20.76,2419.6,,
AJ04352,site 3,9/14/2022 11:45,,,789.0,4.9,,,,,,7.45,,,,,20.7,,,
AJ04353,site 3,9/14/2022 11:45,,,790.0,5.0,,,,,,7.46,,,,,20.42,,,
AJ04354,site 2,9/14/2022 12:01,,,767.0,4.49,,25.0,1.0,,,7.63,,,,,22.16,1732.9,,
AJ04355,site 2,9/14/2022 12:01,,,767.0,4.04,,,,,,7.57,,,,,21.96,,,
AJ04356,site 2,9/14/2022 12:01,,,767.0,4.17,,,,,,7.57,,,,,22.03,,,
AJ04357,site 2,9/14/2022 12:01,,,767.0,4.27,,,,,,7.59,,,,,22.11,,,
AJ04358,site 2,9/14/2022 12:01,,,782.0,3.71,,,,,,7.44,,,,,20.65,,,
AJ04359,site 2,9/14/2022 12:01,,,779.0,3.87,,,,,,7.44,,,,,21.31,,,
AJ04361,site 1,9/14/2022 12:22,,,768.0,4.1,,,,,,7.63,,,,,22.14,,,
AJ04362,site 1,9/14/2022 12:22,,,768.0,4.08,,,,,,27.64,,,,,22.15,,,
AJ04363,site 1,9/14/2022 12:22,,,768.0,4.18,,,,,,7.65,,,,,22.22,,,
AJ04364,site 1,9/14/2022 12:22,,,784.0,3.62,,,,,,7.47,,,,,20.73,,,
AJ04365,site 1,9/14/2022 12:22,,,783.0,3.7,,,,,,7.47,,,,,20.82,,,
AJ04366,site 1,9/14/2022 12:22,,,783.0,3.64,,,,,,7.47,,,,,20.92,,,
AJ04367,site 1,9/14/2022 12:22,,,773.0,3.57,,,,,,7.49,,,,,21.6,,,
AJ08358,site 3,9/28/2022 11:14,,,786.0,5.12,,47.3,17.8,,,7.65,,,,,15.94,2419.6,,
AJ08359,site 3,9/28/2022 11:14,,,777.0,5.2,,,,,,7.72,,,,,15.17,,,
AJ08360,site 3,9/28/2022 11:14,,,785.0,5.02,,,,,,7.71,,,,,15.88,,,
AJ08361,site 2,9/28/2022 11:30,,,775.0,5.22,,11.8,2.0,,,8.52,,,,,15.99,1299.7,,
AJ08362,site 2,9/28/2022 11:30,,,775.0,5.07,,,,,,8.51,,,,,15.99,,,
AJ08363,site 2,9/28/2022 11:30,,,775.0,5.06,,,,,,8.53,,,,,15.99,,,
AJ08364,site 2,9/28/2022 11:30,,,775.0,5.08,,,,,,8.56,,,,,16.0,,,
AJ08365,site 2,9/28/2022 11:30,,,757.0,4.6,,,,,,8.39,,,,,15.98,,,
AJ08366,site 2,9/28/2022 11:30,,,775.0,5.05,,,,,,8.51,,,,,15.98,,,
AJ08367,site 2,9/28/2022 11:30,,,775.0,5.01,,,,,,8.51,,,,,15.98,,,
AJ08368,site 2,9/28/2022 11:30,,,773.0,5.06,,,,,,8.51,,,,,15.98,,,
AJ08369,site 1,9/28/2022 11:47,,,773.0,5.23,,10.8,2.0,,,8.6,,,,,16.01,1413.6,,
AJ08370,site 1,9/28/2022 11:47,,,773.0,5.07,,,,,,8.68,,,,,16.01,,,
AJ08371,site 1,9/28/2022 11:47,,,773.0,5.04,,,,,,8.7,,,,,16.01,,,
AJ08372,site 1,9/28/2022 11:47,,,773.0,5.29,,,,,,8.68,,,,,16.01,,,
AJ08373,site 1,9/28/2022 11:47,,,773.0,4.95,,,,,,8.65,,,,,15.99,,,
AJ08374,site 1,9/28/2022 11:47,,,773.0,5.03,,,,,,8.66,,,,,16.0,,,
